[
    {
        "pk": 7,
        "model": "questionnaire.questionnaire",
        "fields": {
            "description": "From dropbox as given by Rouslan",
            "modified": "2014-01-20T18:40:27.242Z",
            "name": "JRF 2013 Core English",
            "created": "2014-01-20T18:40:27.241Z"
        }
    },
    {
        "pk": 12,
        "model": "questionnaire.section",
        "fields": {
            "description": null,
            "title": "Reported Cases of Selected Vaccine Preventable Diseases (VPDs)",
            "created": "2014-01-20T18:40:39.080Z",
            "modified": "2014-01-20T18:40:39.080Z",
            "questionnaire": 7,
            "order": 1,
            "name": "Reported Cases"
        }
    },
    {
        "pk": 13,
        "model": "questionnaire.section",
        "fields": {
            "description": "Please complete this section if in your country\nroutine immunization is given to school-aged children using the school as a venue. For the purpose of this section,\nplease consider as \"\"routine\"\" only those doses that are part of the national immunization schedule.\nDo not include doses given in campaigns, even if during those campaigns schools were used as vaccination sites.",
            "title": "School Based Immunization",
            "created": "2014-01-20T18:42:21.876Z",
            "modified": "2014-01-20T18:42:21.876Z",
            "questionnaire": 7,
            "order": 3,
            "name": "School Imm. Delivery"
        }
    },
    {
        "pk": 14,
        "model": "questionnaire.section",
        "fields": {
            "description": "",
            "title": "National Administrative Coverage for the Year 2013",
            "created": "2014-01-20T18:42:21.876Z",
            "modified": "2014-01-20T18:42:21.876Z",
            "questionnaire": 7,
            "order": 4,
            "name": "Routine Coverage"
        }
    },

    {
        "pk": 22,
        "model": "questionnaire.subsection",
        "fields": {
            "description": null,
            "title": "Reported cases for the year 2013",
            "section": 12,
            "created": "2014-01-20T18:40:39.084Z",
            "modified": "2014-01-20T18:40:39.084Z",
            "order": 1
        }
    },
    {
        "pk": 23,
        "model": "questionnaire.subsection",
        "fields": {
            "description": null,
            "title": "Presence of surveillance systems",
            "section": 12,
            "created": "2014-01-20T18:41:34.901Z",
            "modified": "2014-01-20T18:41:34.901Z",
            "order": 2
        }
    },
    {
        "pk": 24,
        "model": "questionnaire.subsection",
        "fields": {
            "description": null,
            "title": "",
            "section": 13,
            "created": "2014-01-20T18:42:21.880Z",
            "modified": "2014-01-20T18:42:21.880Z",
            "order": 1
        }
    },
    {
        "pk": 25,
        "model": "questionnaire.subsection",
        "fields": {
            "description": "Please complete the table by using one row for each vaccine and each target group. Examples: if TT\n     and MR is given in grade 2 and TT in grade 8, use three rows (TT-grade 2; MR-grade 2; TT-grade 8);\n     if TT and MR are given to children aged 8 years, and TT to children aged 14 years, use three rows\n      (TT-8 years; MR-8 years; TT-14 years)\n     ",
            "title": "Routine Immunization given at school(please complete one row  for each grade level or age and vaccine)",
            "section": 13,
            "created": "2014-01-21T07:40:15.017Z",
            "modified": "2014-01-21T07:40:15.017Z",
            "order": 2
        }
    },
    {
        "pk": 22,
        "model": "questionnaire.subsection",
        "fields": {
            "description": null,
            "title": "Reported cases for the year 2013",
            "section": 12,
            "created": "2014-01-20T18:40:39.084Z",
            "modified": "2014-01-20T18:40:39.084Z",
            "order": 1
        }
    },
    {
        "pk": 23,
        "model": "questionnaire.subsection",
        "fields": {
            "description": null,
            "title": "Presence of surveillance systems",
            "section": 12,
            "created": "2014-01-20T18:41:34.901Z",
            "modified": "2014-01-20T18:41:34.901Z",
            "order": 2
        }
    },
    {
        "pk": 24,
        "model": "questionnaire.subsection",
        "fields": {
            "description": null,
            "title": "",
            "section": 13,
            "created": "2014-01-20T18:42:21.880Z",
            "modified": "2014-01-20T18:42:21.880Z",
            "order": 1
        }
    },
    {
        "pk": 25,
        "model": "questionnaire.subsection",
        "fields": {
            "description": "Please complete the table by using one row for each vaccine and each target group. Examples: if TT\n     and MR is given in grade 2 and TT in grade 8, use three rows (TT-grade 2; MR-grade 2; TT-grade 8);\n     if TT and MR are given to children aged 8 years, and TT to children aged 14 years, use three rows\n      (TT-8 years; MR-8 years; TT-14 years)\n     ",
            "title": "Routine Immunization given at school(please complete one row  for each grade level or age and vaccine)",
            "section": 13,
            "created": "2014-01-21T07:40:15.017Z",
            "modified": "2014-01-21T07:40:15.017Z",
            "order": 2
        }
    },

    {
        "pk": 112,
        "model": "questionnaire.question",
        "fields": {
            "answer_type": "MultiChoice",
            "UID": "C00001",
            "created": "2014-01-20T18:40:39.089Z",
            "text": "Disease",
            "modified": "2014-01-20T18:40:39.089Z",
            "short_instruction": null,
            "instructions": null
        }
    },
    {
        "pk": 113,
        "model": "questionnaire.question",
        "fields": {
            "answer_type": "Number",
            "UID": "C00002",
            "created": "2014-01-20T18:40:51.642Z",
            "text": "A. Total Cases",
            "modified": "2014-01-20T18:40:51.642Z",
            "short_instruction": "Include clinically, epidemiologically, and laboratory-confirmed cases. Do not include suspect cases.",
            "instructions": "<strong>Column A</strong> refers only to <strong>CONFIRMED</strong> cases, including those confirmed clinically, epidemiologically, or by laboratory investigation.&nbsp;<br />\n<br />\n<strong>Clinically-confirmed case:</strong> a case that meets the clinical case definition of the country<br />\n<br />\n<strong>Epidemiologically-confirmed case: </strong>a case that meets the clinical case definition and is linked epidemiologically to a laboratory-confirmed case<br />\n<br />\n<strong>Laboratory-confirmed case:</strong> a case that meets the clinical case definition and is confirmed by laboratory investigation<br />\n<br />\nCases that have been <strong>discarded</strong> following laboratory investigation should <strong>NOT</strong> be included in these columns.\n"
        }
    },
    {
        "pk": 114,
        "model": "questionnaire.question",
        "fields": {
            "answer_type": "Number",
            "UID": "C00003",
            "created": "2014-01-20T18:41:07.935Z",
            "text": "B. Number of cases tested",
            "modified": "2014-01-20T18:41:07.936Z",
            "short_instruction": null,
            "instructions": "Enter the total number of cases for which specimens were collected, and tested in laboratory"
        }
    },
    {
        "pk": 115,
        "model": "questionnaire.question",
        "fields": {
            "answer_type": "Number",
            "UID": "C00004",
            "created": "2014-01-20T18:41:07.942Z",
            "text": "C. Number of cases positive",
            "modified": "2014-01-20T18:41:07.942Z",
            "short_instruction": null,
            "instructions": "Include only those cases found positive for the infectious agent."
        }
    },
    {
        "pk": 116,
        "model": "questionnaire.question",
        "fields": {
            "answer_type": "MultiChoice",
            "UID": "C00005",
            "created": "2014-01-20T18:41:34.909Z",
            "text": "Is there a surveillance system in place for invasive bacterial diseases (for example bacterial meningitis,\nsepsis or bacteremic pneumonia), in which suspected cases are confirmed by laboratory and surveillance data could provide information to allow evaluation\nof the impact of vaccination against Hib and/or Pneumococcus?",
            "modified": "2014-01-20T18:41:34.909Z",
            "short_instruction": null,
            "instructions": null
        }
    },
    {
        "pk": 117,
        "model": "questionnaire.question",
        "fields": {
            "answer_type": "MultiChoice",
            "UID": "C00006",
            "created": "2014-01-20T18:41:34.932Z",
            "text": "Is there a surveillance system in place for rotavirus diarrhoea, in which suspected cases are confirmed\n by laboratory and surveillance data could provide information to allow evaluation of the impact of vaccination against rotavirus?",
            "modified": "2014-01-20T18:41:34.932Z",
            "short_instruction": null,
            "instructions": null
        }
    },
    {
        "pk": 118,
        "model": "questionnaire.question",
        "fields": {
            "answer_type": "MultiChoice",
            "UID": "C00007",
            "created": "2014-01-20T18:42:31.495Z",
            "text": "Are any routine doses of vaccine given to children at school?",
            "modified": "2014-01-20T18:42:31.495Z",
            "short_instruction": null,
            "instructions": null
        }
    },
    {
        "pk": 119,
        "model": "questionnaire.question",
        "fields": {
            "answer_type": "MultiChoice",
            "UID": "C00008",
            "created": "2014-01-20T18:42:48.854Z",
            "text": "Vaccine procurement",
            "modified": "2014-01-20T18:42:48.855Z",
            "short_instruction": null,
            "instructions": null
        }
    },
    {
        "pk": 120,
        "model": "questionnaire.question",
        "fields": {
            "answer_type": "MultiChoice",
            "UID": "C00009",
            "created": "2014-01-20T18:42:48.866Z",
            "text": "Vaccinators",
            "modified": "2014-01-20T18:42:48.866Z",
            "short_instruction": null,
            "instructions": null
        }
    },
    {
        "pk": 121,
        "model": "questionnaire.question",
        "fields": {
            "answer_type": "MultiChoice",
            "UID": "C00010",
            "created": "2014-01-20T18:42:48.876Z",
            "text": "Supervision",
            "modified": "2014-01-20T18:42:48.876Z",
            "short_instruction": null,
            "instructions": null
        }
    },
    {
        "pk": 122,
        "model": "questionnaire.question",
        "fields": {
            "answer_type": "MultiChoice",
            "UID": "C00011",
            "created": "2014-01-20T18:42:48.886Z",
            "text": "Planing",
            "modified": "2014-01-20T18:42:48.886Z",
            "short_instruction": null,
            "instructions": null
        }
    },
    {
        "pk": 123,
        "model": "questionnaire.question",
        "fields": {
            "answer_type": "MultiChoice",
            "UID": "C00012",
            "created": "2014-01-20T18:43:00.625Z",
            "text": "Is this part of a comprehensive school health program that delivers other health intervention also?",
            "modified": "2014-01-20T18:43:00.625Z",
            "short_instruction": null,
            "instructions": null
        }
    },
    {
        "pk": 124,
        "model": "questionnaire.question",
        "fields": {
            "answer_type": "MultiChoice",
            "UID": "C00013",
            "created": "2014-01-20T18:43:00.657Z",
            "text": "Which interventions are given in the school health program?",
            "modified": "2014-01-20T18:43:00.657Z",
            "short_instruction": null,
            "instructions": null
        }
    },
    {
        "pk": 128,
        "model": "questionnaire.question",
        "fields": {
            "answer_type": "Text",
            "UID": "C00014",
            "created": "2014-01-21T07:40:27.067Z",
            "text": "Vaccine",
            "modified": "2014-01-21T07:40:27.067Z",
            "short_instruction": null,
            "instructions": null
        }
    },
    {
        "pk": 129,
        "model": "questionnaire.question",
        "fields": {
            "answer_type": "Number",
            "UID": "C00015",
            "created": "2014-01-21T07:40:27.081Z",
            "text": "A. Grade/Level",
            "modified": "2014-01-21T07:40:27.082Z",
            "short_instruction": null,
            "instructions": "\n\"Grade / Level\" indicates the class or grade that is targeted for\nthe vaccine concerned. Complete this cell if children in school are targeted by class or grade,\n regardless of their age. Please use the local gradation system, or use a class grading system of 1 to 12, where class 1\n  equals the first year in primary school, class 2 the second year of primary school, etc.  "
        }
    },
    {
        "pk": 130,
        "model": "questionnaire.question",
        "fields": {
            "answer_type": "Number",
            "UID": "C00016",
            "created": "2014-01-21T07:40:32.887Z",
            "text": "B. Age Group",
            "modified": "2014-01-21T07:40:32.887Z",
            "short_instruction": null,
            "instructions": "\n\"Age group\" indicates the age groups that are targeted for the vaccine concerned. Complete this cell if children are\n targeted according to their age rather than according to the class they are in.\n"
        }
    },
    {
        "pk": 131,
        "model": "questionnaire.question",
        "fields": {
            "answer_type": "MultiChoice",
            "UID": "C00017",
            "created": "2014-01-21T07:40:32.892Z",
            "text": "C. Sex",
            "modified": "2014-01-21T07:40:32.892Z",
            "short_instruction": null,
            "instructions": null
        }
    },
    {
        "pk": 132,
        "model": "questionnaire.question",
        "fields": {
            "answer_type": "MultiChoice",
            "UID": "C00018",
            "created": "2014-01-21T07:40:40.363Z",
            "text": "D. Geographic Area",
            "modified": "2014-01-21T07:40:40.363Z",
            "short_instruction": null,
            "instructions": null
        }
    },
    {
        "pk": 133,
        "model": "questionnaire.question",
        "fields": {
            "answer_type": "Number",
            "UID": "C00019",
            "created": "2014-01-21T07:40:40.383Z",
            "text": "E. Number in target group",
            "modified": "2014-01-21T07:40:40.383Z",
            "short_instruction": null,
            "instructions": "\n\"Number targeted\" is the number of children targeted through the school-based immunization for each dose.\nIf school-based immunization is not given in all the areas of the country, the target is the number of children\n in the areas where school-based immunization is being implemented\n"
        }
    },
    {
        "pk": 134,
        "model": "questionnaire.question",
        "fields": {
            "answer_type": "Number",
            "UID": "C00020",
            "created": "2014-01-21T07:40:47.870Z",
            "text": "F. Number of doses administered at school",
            "modified": "2014-01-21T07:40:47.870Z",
            "short_instruction": null,
            "instructions": "\n\"Number vaccinated in school\": the number for children who received this dose in the areas where school-based\nimmunization is being implemented.\n "
        }
    },
    {
        "pk": 135,
        "model": "questionnaire.question",
        "fields": {
            "answer_type": "Text",
            "UID": "C00021",
            "created": "2014-01-21T07:40:47.879Z",
            "text": "G. Other interventions given with the vaccine",
            "modified": "2014-01-21T07:40:47.879Z",
            "short_instruction": null,
            "instructions": "\n\"Other intervention given with the vaccine\":  Mention any other intervention\n(e.g. growth monitoring, antihelmintics,...) that is given at the same time as the vaccination contact "
        }
    },
    {
        "pk": 136,
        "model": "questionnaire.question",
        "fields": {
            "answer_type": "MultiChoice",
            "UID": "C00022",
            "created": "2014-01-21T07:40:47.884Z",
            "text": "H. Does recorded on immunization or child death card",
            "modified": "2014-01-21T07:40:47.884Z",
            "short_instruction": null,
            "instructions": null
        }
    },
    {
        "pk": 51,
        "model": "questionnaire.questiongroup",
        "fields": {
            "name": null,
            "parent": null,
            "created": "2014-01-20T18:41:07.945Z",
            "question": [112, 113],
            "modified": "2014-01-20T18:41:07.945Z",
            "subsection": 22,
            "order": 1,
            "instructions": null
        }
    },
    {
        "pk": 52,
        "model": "questionnaire.questiongroup",
        "fields": {
            "name": "Laboratory Investigation",
            "parent": 51,
            "created": "2014-01-20T18:41:19.549Z",
            "question": [114, 115],
            "modified": "2014-01-20T18:41:19.550Z",
            "subsection": 22,
            "order": null,
            "instructions": null
        }
    },
    {
        "pk": 53,
        "model": "questionnaire.questiongroup",
        "fields": {
            "name": null,
            "parent": null,
            "created": "2014-01-20T18:41:34.912Z",
            "question": [116],
            "modified": "2014-01-20T18:41:34.913Z",
            "subsection": 23,
            "order": 1,
            "instructions": null
        }
    },
    {
        "pk": 54,
        "model": "questionnaire.questiongroup",
        "fields": {
            "name": null,
            "parent": null,
            "created": "2014-01-20T18:41:34.947Z",
            "question": [117],
            "modified": "2014-01-20T18:41:34.947Z",
            "subsection": 23,
            "order": 2,
            "instructions": null
        }
    },
    {
        "pk": 55,
        "model": "questionnaire.questiongroup",
        "fields": {
            "name": null,
            "parent": null,
            "created": "2014-01-20T18:42:31.509Z",
            "question": [118],
            "modified": "2014-01-20T18:42:31.510Z",
            "subsection": 24,
            "order": 1,
            "instructions": null
        }
    },
    {
        "pk": 56,
        "model": "questionnaire.questiongroup",
        "fields": {
            "name": null,
            "parent": null,
            "created": "2014-01-20T18:42:48.907Z",
            "question": [],
            "modified": "2014-01-20T18:42:48.907Z",
            "subsection": 24,
            "order": 2,
            "instructions": null
        }
    },
    {
        "pk": 57,
        "model": "questionnaire.questiongroup",
        "fields": {
            "name": "Whichactivities the EPI Program responsible for (and not the school staff per se ):",
            "parent": 56,
            "created": "2014-01-20T18:42:48.911Z",
            "question": [120, 121, 122, 119],
            "modified": "2014-01-20T18:42:48.912Z",
            "subsection": 24,
            "order": null,
            "instructions": null
        }
    },
    {
        "pk": 58,
        "model": "questionnaire.questiongroup",
        "fields": {
            "name": null,
            "parent": null,
            "created": "2014-01-20T18:43:00.635Z",
            "question": [123],
            "modified": "2014-01-20T18:43:00.635Z",
            "subsection": 24,
            "order": 3,
            "instructions": null
        }
    },
    {
        "pk": 59,
        "model": "questionnaire.questiongroup",
        "fields": {
            "name": null,
            "parent": null,
            "created": "2014-01-21T07:40:02.108Z",
            "question": [124],
            "modified": "2014-01-21T07:40:02.108Z",
            "subsection": 24,
            "order": 3,
            "instructions": null
        }
    },
    {
        "pk": 60,
        "model": "questionnaire.questiongroup",
        "fields": {
            "name": null,
            "parent": null,
            "created": "2014-01-21T07:40:57.290Z",
            "question": [128, 129, 130, 131, 132, 133, 134, 135, 136],
            "modified": "2014-01-21T07:40:57.290Z",
            "subsection": 25,
            "order": 1,
            "instructions": null
        }
    },
    {
        "pk": 191,
        "model": "questionnaire.questionoption",
        "fields": {
            "text": "Diphteria",
            "question": 112,
            "modified": "2014-01-20T18:41:19.560Z",
            "created": "2014-01-20T18:41:19.560Z"
        }
    },
    {
        "pk": 192,
        "model": "questionnaire.questionoption",
        "fields": {
            "text": "Measles",
            "question": 112,
            "modified": "2014-01-20T18:41:19.564Z",
            "created": "2014-01-20T18:41:19.564Z"
        }
    },
    {
        "pk": 193,
        "model": "questionnaire.questionoption",
        "fields": {
            "text": "Neonatal tetanus (NT)",
            "question": 112,
            "modified": "2014-01-20T18:41:19.568Z",
            "created": "2014-01-20T18:41:19.568Z"
        }
    },
    {
        "pk": 194,
        "model": "questionnaire.questionoption",
        "fields": {
            "text": "Total tetanus (all tetanus including NT)",
            "question": 112,
            "modified": "2014-01-20T18:41:19.572Z",
            "created": "2014-01-20T18:41:19.571Z"
        }
    },
    {
        "pk": 195,
        "model": "questionnaire.questionoption",
        "fields": {
            "text": "Pertussis",
            "question": 112,
            "modified": "2014-01-20T18:41:19.575Z",
            "created": "2014-01-20T18:41:19.575Z"
        }
    },
    {
        "pk": 196,
        "model": "questionnaire.questionoption",
        "fields": {
            "text": "Yellow fever",
            "question": 112,
            "modified": "2014-01-20T18:41:19.578Z",
            "created": "2014-01-20T18:41:19.578Z"
        }
    },
    {
        "pk": 197,
        "model": "questionnaire.questionoption",
        "fields": {
            "text": "Japanese encephalitis",
            "question": 112,
            "modified": "2014-01-20T18:41:19.580Z",
            "created": "2014-01-20T18:41:19.580Z"
        }
    },
    {
        "pk": 198,
        "model": "questionnaire.questionoption",
        "fields": {
            "text": "Mumps",
            "question": 112,
            "modified": "2014-01-20T18:41:19.593Z",
            "created": "2014-01-20T18:41:19.593Z"
        }
    },
    {
        "pk": 199,
        "model": "questionnaire.questionoption",
        "fields": {
            "text": "Rubella",
            "question": 112,
            "modified": "2014-01-20T18:41:19.596Z",
            "created": "2014-01-20T18:41:19.596Z"
        }
    },
    {
        "pk": 200,
        "model": "questionnaire.questionoption",
        "fields": {
            "text": "Congenital rubella syndrome",
            "question": 112,
            "modified": "2014-01-20T18:41:19.599Z",
            "created": "2014-01-20T18:41:19.599Z"
        }
    },
    {
        "pk": 201,
        "model": "questionnaire.questionoption",
        "fields": {
            "text": "Yes",
            "question": 116,
            "modified": "2014-01-20T18:41:34.920Z",
            "created": "2014-01-20T18:41:34.919Z"
        }
    },
    {
        "pk": 202,
        "model": "questionnaire.questionoption",
        "fields": {
            "text": "No",
            "question": 116,
            "modified": "2014-01-20T18:41:34.923Z",
            "created": "2014-01-20T18:41:34.922Z"
        }
    },
    {
        "pk": 203,
        "model": "questionnaire.questionoption",
        "fields": {
            "text": "NR",
            "question": 116,
            "modified": "2014-01-20T18:41:34.926Z",
            "created": "2014-01-20T18:41:34.925Z"
        }
    },
    {
        "pk": 204,
        "model": "questionnaire.questionoption",
        "fields": {
            "text": "Yes",
            "question": 117,
            "modified": "2014-01-20T18:41:34.955Z",
            "created": "2014-01-20T18:41:34.955Z"
        }
    },
    {
        "pk": 205,
        "model": "questionnaire.questionoption",
        "fields": {
            "text": "No",
            "question": 117,
            "modified": "2014-01-20T18:41:34.959Z",
            "created": "2014-01-20T18:41:34.959Z"
        }
    },
    {
        "pk": 206,
        "model": "questionnaire.questionoption",
        "fields": {
            "text": "NR",
            "question": 117,
            "modified": "2014-01-20T18:41:34.963Z",
            "created": "2014-01-20T18:41:34.962Z"
        }
    },
    {
        "pk": 207,
        "model": "questionnaire.questionoption",
        "fields": {
            "text": "Yes",
            "question": 118,
            "modified": "2014-01-20T18:42:31.500Z",
            "created": "2014-01-20T18:42:31.500Z"
        }
    },
    {
        "pk": 208,
        "model": "questionnaire.questionoption",
        "fields": {
            "text": "No",
            "question": 118,
            "modified": "2014-01-20T18:42:31.503Z",
            "created": "2014-01-20T18:42:31.503Z"
        }
    },
    {
        "pk": 209,
        "model": "questionnaire.questionoption",
        "fields": {
            "text": "NR",
            "question": 118,
            "modified": "2014-01-20T18:42:31.506Z",
            "created": "2014-01-20T18:42:31.506Z"
        }
    },
    {
        "pk": 210,
        "model": "questionnaire.questionoption",
        "fields": {
            "text": "Yes",
            "question": 119,
            "modified": "2014-01-20T18:42:48.859Z",
            "created": "2014-01-20T18:42:48.859Z"
        }
    },
    {
        "pk": 211,
        "model": "questionnaire.questionoption",
        "fields": {
            "text": "No",
            "question": 119,
            "modified": "2014-01-20T18:42:48.862Z",
            "created": "2014-01-20T18:42:48.862Z"
        }
    },
    {
        "pk": 212,
        "model": "questionnaire.questionoption",
        "fields": {
            "text": "Yes",
            "question": 120,
            "modified": "2014-01-20T18:42:48.869Z",
            "created": "2014-01-20T18:42:48.869Z"
        }
    },
    {
        "pk": 213,
        "model": "questionnaire.questionoption",
        "fields": {
            "text": "No",
            "question": 120,
            "modified": "2014-01-20T18:42:48.872Z",
            "created": "2014-01-20T18:42:48.872Z"
        }
    },
    {
        "pk": 214,
        "model": "questionnaire.questionoption",
        "fields": {
            "text": "Yes",
            "question": 121,
            "modified": "2014-01-20T18:42:48.879Z",
            "created": "2014-01-20T18:42:48.879Z"
        }
    },
    {
        "pk": 215,
        "model": "questionnaire.questionoption",
        "fields": {
            "text": "No",
            "question": 121,
            "modified": "2014-01-20T18:42:48.882Z",
            "created": "2014-01-20T18:42:48.882Z"
        }
    },
    {
        "pk": 216,
        "model": "questionnaire.questionoption",
        "fields": {
            "text": "Yes",
            "question": 122,
            "modified": "2014-01-20T18:42:48.900Z",
            "created": "2014-01-20T18:42:48.900Z"
        }
    },
    {
        "pk": 217,
        "model": "questionnaire.questionoption",
        "fields": {
            "text": "No",
            "question": 122,
            "modified": "2014-01-20T18:42:48.903Z",
            "created": "2014-01-20T18:42:48.903Z"
        }
    },
    {
        "pk": 218,
        "model": "questionnaire.questionoption",
        "fields": {
            "text": "Yes",
            "question": 123,
            "modified": "2014-01-20T18:43:00.628Z",
            "created": "2014-01-20T18:43:00.628Z"
        }
    },
    {
        "pk": 219,
        "model": "questionnaire.questionoption",
        "fields": {
            "text": "No",
            "question": 123,
            "modified": "2014-01-20T18:43:00.632Z",
            "created": "2014-01-20T18:43:00.631Z"
        }
    },
    {
        "pk": 220,
        "model": "questionnaire.questionoption",
        "fields": {
            "text": "Yes",
            "question": 124,
            "modified": "2014-01-21T07:38:40.999Z",
            "created": "2014-01-21T07:38:40.999Z"
        }
    },
    {
        "pk": 221,
        "model": "questionnaire.questionoption",
        "fields": {
            "text": "No",
            "question": 124,
            "modified": "2014-01-21T07:38:41.016Z",
            "created": "2014-01-21T07:38:41.016Z"
        }
    },
    {
        "pk": 222,
        "model": "questionnaire.questionoption",
        "fields": {
            "text": "Female",
            "question": 131,
            "modified": "2014-01-21T07:40:32.895Z",
            "created": "2014-01-21T07:40:32.895Z"
        }
    },
    {
        "pk": 223,
        "model": "questionnaire.questionoption",
        "fields": {
            "text": "Male",
            "question": 131,
            "modified": "2014-01-21T07:40:32.899Z",
            "created": "2014-01-21T07:40:32.899Z"
        }
    },
    {
        "pk": 224,
        "model": "questionnaire.questionoption",
        "fields": {
            "text": "Both",
            "question": 131,
            "modified": "2014-01-21T07:40:32.902Z",
            "created": "2014-01-21T07:40:32.902Z"
        }
    },
    {
        "pk": 225,
        "model": "questionnaire.questionoption",
        "fields": {
            "text": "Subnational",
            "question": 132,
            "modified": "2014-01-21T07:40:40.368Z",
            "created": "2014-01-21T07:40:40.368Z"
        }
    },
    {
        "pk": 226,
        "model": "questionnaire.questionoption",
        "fields": {
            "text": "National",
            "question": 132,
            "modified": "2014-01-21T07:40:40.374Z",
            "created": "2014-01-21T07:40:40.374Z"
        }
    },
    {
        "pk": 227,
        "model": "questionnaire.questionoption",
        "fields": {
            "text": "Yes",
            "question": 136,
            "modified": "2014-01-21T07:40:47.887Z",
            "created": "2014-01-21T07:40:47.887Z"
        }
    },
    {
        "pk": 228,
        "model": "questionnaire.questionoption",
        "fields": {
            "text": "No",
            "question": 136,
            "modified": "2014-01-21T07:40:47.890Z",
            "created": "2014-01-21T07:40:47.890Z"
        }
    },
    {
        "pk": 111,
        "model": "questionnaire.questiongrouporder",
        "fields": {
            "order": 1,
            "question": 112,
            "modified": "2014-01-20T18:41:54.713Z",
            "question_group": 51,
            "created": "2014-01-20T18:41:54.713Z"
        }
    },
    {
        "pk": 112,
        "model": "questionnaire.questiongrouporder",
        "fields": {
            "order": 2,
            "question": 113,
            "modified": "2014-01-20T18:42:05.336Z",
            "question_group": 51,
            "created": "2014-01-20T18:42:05.336Z"
        }
    },
    {
        "pk": 113,
        "model": "questionnaire.questiongrouporder",
        "fields": {
            "order": 3,
            "question": 114,
            "modified": "2014-01-20T18:42:05.341Z",
            "question_group": 51,
            "created": "2014-01-20T18:42:05.341Z"
        }
    },
    {
        "pk": 114,
        "model": "questionnaire.questiongrouporder",
        "fields": {
            "order": 4,
            "question": 115,
            "modified": "2014-01-20T18:42:05.345Z",
            "question_group": 51,
            "created": "2014-01-20T18:42:05.345Z"
        }
    },
    {
        "pk": 115,
        "model": "questionnaire.questiongrouporder",
        "fields": {
            "order": 1,
            "question": 116,
            "modified": "2014-01-20T18:42:12.952Z",
            "question_group": 53,
            "created": "2014-01-20T18:42:12.952Z"
        }
    },
    {
        "pk": 116,
        "model": "questionnaire.questiongrouporder",
        "fields": {
            "order": 1,
            "question": 117,
            "modified": "2014-01-20T18:42:12.957Z",
            "question_group": 54,
            "created": "2014-01-20T18:42:12.956Z"
        }
    },
    {
        "pk": 117,
        "model": "questionnaire.questiongrouporder",
        "fields": {
            "order": 1,
            "question": 118,
            "modified": "2014-01-20T18:42:41.679Z",
            "question_group": 55,
            "created": "2014-01-20T18:42:41.678Z"
        }
    },
    {
        "pk": 118,
        "model": "questionnaire.questiongrouporder",
        "fields": {
            "order": 1,
            "question": 119,
            "modified": "2014-01-20T18:43:00.606Z",
            "question_group": 56,
            "created": "2014-01-20T18:43:00.606Z"
        }
    },
    {
        "pk": 119,
        "model": "questionnaire.questiongrouporder",
        "fields": {
            "order": 2,
            "question": 120,
            "modified": "2014-01-20T18:43:00.613Z",
            "question_group": 56,
            "created": "2014-01-20T18:43:00.613Z"
        }
    },
    {
        "pk": 120,
        "model": "questionnaire.questiongrouporder",
        "fields": {
            "order": 3,
            "question": 121,
            "modified": "2014-01-20T18:43:00.616Z",
            "question_group": 56,
            "created": "2014-01-20T18:43:00.616Z"
        }
    },
    {
        "pk": 121,
        "model": "questionnaire.questiongrouporder",
        "fields": {
            "order": 4,
            "question": 122,
            "modified": "2014-01-20T18:43:00.620Z",
            "question_group": 56,
            "created": "2014-01-20T18:43:00.620Z"
        }
    },
    {
        "pk": 122,
        "model": "questionnaire.questiongrouporder",
        "fields": {
            "order": 1,
            "question": 123,
            "modified": "2014-01-20T18:43:00.651Z",
            "question_group": 58,
            "created": "2014-01-20T18:43:00.651Z"
        }
    },
    {
        "pk": 123,
        "model": "questionnaire.questiongrouporder",
        "fields": {
            "order": 1,
            "question": 124,
            "modified": "2014-01-21T07:40:02.133Z",
            "question_group": 59,
            "created": "2014-01-21T07:40:02.133Z"
        }
    },
    {
        "pk": 124,
        "model": "questionnaire.questiongrouporder",
        "fields": {
            "order": 1,
            "question": 128,
            "modified": "2014-01-21T07:40:57.313Z",
            "question_group": 60,
            "created": "2014-01-21T07:40:57.312Z"
        }
    },
    {
        "pk": 125,
        "model": "questionnaire.questiongrouporder",
        "fields": {
            "order": 2,
            "question": 129,
            "modified": "2014-01-21T07:40:57.317Z",
            "question_group": 60,
            "created": "2014-01-21T07:40:57.316Z"
        }
    },
    {
        "pk": 126,
        "model": "questionnaire.questiongrouporder",
        "fields": {
            "order": 3,
            "question": 130,
            "modified": "2014-01-21T07:40:57.320Z",
            "question_group": 60,
            "created": "2014-01-21T07:40:57.320Z"
        }
    },
    {
        "pk": 127,
        "model": "questionnaire.questiongrouporder",
        "fields": {
            "order": 4,
            "question": 131,
            "modified": "2014-01-21T07:40:57.333Z",
            "question_group": 60,
            "created": "2014-01-21T07:40:57.332Z"
        }
    },
    {
        "pk": 128,
        "model": "questionnaire.questiongrouporder",
        "fields": {
            "order": 5,
            "question": 132,
            "modified": "2014-01-21T07:40:57.337Z",
            "question_group": 60,
            "created": "2014-01-21T07:40:57.336Z"
        }
    },
    {
        "pk": 129,
        "model": "questionnaire.questiongrouporder",
        "fields": {
            "order": 6,
            "question": 133,
            "modified": "2014-01-21T07:40:57.341Z",
            "question_group": 60,
            "created": "2014-01-21T07:40:57.341Z"
        }
    },
    {
        "pk": 130,
        "model": "questionnaire.questiongrouporder",
        "fields": {
            "order": 7,
            "question": 134,
            "modified": "2014-01-21T07:40:57.345Z",
            "question_group": 60,
            "created": "2014-01-21T07:40:57.345Z"
        }
    },
    {
        "pk": 131,
        "model": "questionnaire.questiongrouporder",
        "fields": {
            "order": 8,
            "question": 135,
            "modified": "2014-01-21T07:40:57.348Z",
            "question_group": 60,
            "created": "2014-01-21T07:40:57.348Z"
        }
    },
    {
        "pk": 132,
        "model": "questionnaire.questiongrouporder",
        "fields": {
            "order": 9,
            "question": 136,
            "modified": "2014-01-21T07:40:57.352Z",
            "question_group": 60,
            "created": "2014-01-21T07:40:57.352Z"
        }
    },

    {
        "pk": 16,
        "model": "questionnaire.section",
        "fields": {
            "description": "If a question is not relevant, enter \"NR\" (not relevant).<br/>\n If no data are available, enter \"ND\" (no data).<br/>\n  If the number of cases is zero, enter 0.",
            "title": "WHO/UNICEF Joint Reporting Form on Immunization for the Period January-December, 2013",
            "created": "2014-01-26T04:53:46.279Z",
            "modified": "2014-01-26T04:53:46.279Z",
            "questionnaire": 7,
            "order": 0,
            "name": "Cover page"
        }
    },
    {
        "pk": 28,
        "model": "questionnaire.subsection",
        "fields": {
            "description": null,
            "title": "",
            "section": 16,
            "created": "2014-01-26T04:53:46.289Z",
            "modified": "2014-01-26T04:53:46.289Z",
            "order": 1
        }
    },
    {
        "pk": 61,
        "model": "questionnaire.questiongroup",
        "fields": {
            "name": null,
            "parent": null,
            "created": "2014-01-26T04:54:54.121Z",
            "question": [140, 141, 142, 143, 144, 145, 146, 147],
            "modified": "2014-01-26T04:54:54.121Z",
            "subsection": 28,
            "order": 1,
            "instructions": null
        }
    },
    {
        "pk": 140,
        "model": "questionnaire.question",
        "fields": {
            "answer_type": "Text",
            "UID": "C00023",
            "created": "2014-01-26T04:54:40.937Z",
            "text": "Name of person in Ministry of Health responsible for completing this form",
            "modified": "2014-01-26T04:54:40.937Z",
            "short_instruction": null,
            "instructions": "\nList the name of the person responsible for submitting the completed form.\nSince multiple departments in the Ministry of Health may have relevant data,\n this person should liaise with other departments to ensure that the form\n contains the most accurate and complete data possible. For example,\n information on Vitamin A may come from the nutrition department."
        }
    },
    {
        "pk": 141,
        "model": "questionnaire.question",
        "fields": {
            "answer_type": "Text",
            "UID": "C00024",
            "created": "2014-01-26T04:54:48.241Z",
            "text": "Position/title",
            "modified": "2014-01-26T04:54:48.241Z",
            "short_instruction": null,
            "instructions": null
        }
    },
    {
        "pk": 142,
        "model": "questionnaire.question",
        "fields": {
            "answer_type": "Text",
            "UID": "C00025",
            "created": "2014-01-26T04:54:48.245Z",
            "text": "Email address",
            "modified": "2014-01-26T04:54:48.246Z",
            "short_instruction": null,
            "instructions": null
        }
    },
    {
        "pk": 143,
        "model": "questionnaire.question",
        "fields": {
            "answer_type": "Text",
            "UID": "C00026",
            "created": "2014-01-26T04:54:48.250Z",
            "text": "Name of UNICEF contact",
            "modified": "2014-01-26T04:54:48.251Z",
            "short_instruction": null,
            "instructions": null
        }
    },
    {
        "pk": 144,
        "model": "questionnaire.question",
        "fields": {
            "answer_type": "Text",
            "UID": "C00027",
            "created": "2014-01-26T04:54:48.255Z",
            "text": "Email address of UNICEF contact",
            "modified": "2014-01-26T04:54:48.255Z",
            "short_instruction": null,
            "instructions": null
        }
    },
    {
        "pk": 145,
        "model": "questionnaire.question",
        "fields": {
            "answer_type": "Text",
            "UID": "C00028",
            "created": "2014-01-26T04:54:48.259Z",
            "text": "Name of WHO contact",
            "modified": "2014-01-26T04:54:48.259Z",
            "short_instruction": null,
            "instructions": null
        }
    },
    {
        "pk": 146,
        "model": "questionnaire.question",
        "fields": {
            "answer_type": "Text",
            "UID": "C00029",
            "created": "2014-01-26T04:54:48.264Z",
            "text": "Email address of WHO contact",
            "modified": "2014-01-26T04:54:48.264Z",
            "short_instruction": null,
            "instructions": null
        }
    },
    {
        "pk": 147,
        "model": "questionnaire.question",
        "fields": {
            "answer_type": "Number",
            "UID": "C00030",
            "created": "2014-01-26T04:54:48.271Z",
            "text": "Total number of districts in the country",
            "modified": "2014-01-26T04:54:48.271Z",
            "short_instruction": null,
            "instructions": "\n A district is defined as the third administrative level (nation is the first, province is the second).\n"
        }
    },
    {
        "pk": 135,
        "model": "questionnaire.questiongrouporder",
        "fields": {
            "order": 1,
            "question": 140,
            "modified": "2014-01-26T05:03:36.869Z",
            "question_group": 61,
            "created": "2014-01-26T05:03:36.868Z"
        }
    },
    {
        "pk": 136,
        "model": "questionnaire.questiongrouporder",
        "fields": {
            "order": 2,
            "question": 141,
            "modified": "2014-01-26T05:03:36.880Z",
            "question_group": 61,
            "created": "2014-01-26T05:03:36.879Z"
        }
    },
    {
        "pk": 137,
        "model": "questionnaire.questiongrouporder",
        "fields": {
            "order": 3,
            "question": 142,
            "modified": "2014-01-26T05:03:36.884Z",
            "question_group": 61,
            "created": "2014-01-26T05:03:36.884Z"
        }
    },
    {
        "pk": 138,
        "model": "questionnaire.questiongrouporder",
        "fields": {
            "order": 4,
            "question": 143,
            "modified": "2014-01-26T05:03:36.888Z",
            "question_group": 61,
            "created": "2014-01-26T05:03:36.887Z"
        }
    },
    {
        "pk": 139,
        "model": "questionnaire.questiongrouporder",
        "fields": {
            "order": 5,
            "question": 144,
            "modified": "2014-01-26T05:03:36.891Z",
            "question_group": 61,
            "created": "2014-01-26T05:03:36.891Z"
        }
    },
    {
        "pk": 140,
        "model": "questionnaire.questiongrouporder",
        "fields": {
            "order": 6,
            "question": 145,
            "modified": "2014-01-26T05:03:36.895Z",
            "question_group": 61,
            "created": "2014-01-26T05:03:36.895Z"
        }
    },
    {
        "pk": 141,
        "model": "questionnaire.questiongrouporder",
        "fields": {
            "order": 7,
            "question": 146,
            "modified": "2014-01-26T05:03:36.899Z",
            "question_group": 61,
            "created": "2014-01-26T05:03:36.899Z"
        }
    },
    {
        "pk": 142,
        "model": "questionnaire.questiongrouporder",
        "fields": {
            "order": 8,
            "question": 147,
            "modified": "2014-01-26T05:03:36.911Z",
            "question_group": 61,
            "created": "2014-01-26T05:03:36.911Z"
        }
    },
    {
        "pk": 17,
        "model": "questionnaire.section",
        "fields": {
            "description": "\nDescribe the 2013 national immunization schedule for routine services in the following table. Include all doses administered to young children, adolescents, and adults on a routine basis. Each row describes a vaccine or combination vaccine. Include vitamin A if it is delivered through routine immunization services. Also include information about the use of auto-disable (AD) syringes. <br/>\nIf there are plans to introduce a vaccine, supplement, or syringe, enter the month and year that the introduction is planned in column G.<br/>\nIf the immunization schedule includes other vaccines that are not listed, add them at the bottom of the table.<br/>",
            "title": "Immunization Schedule for 2013",
            "created": "2014-01-26T14:34:05.922Z",
            "modified": "2014-01-26T14:34:05.922Z",
            "questionnaire": 7,
            "order": 2,
            "name": "Schedule-Source"
        }
    },
    {
        "pk": 29,
        "model": "questionnaire.subsection",
        "fields": {
            "description": "Use this section to describe the 2013 national immunization schedule and any planned vaccine introductions. Complete the rows for all vaccines and supplements currently in use in the country. ",
            "title": "",
            "section": 17,
            "created": "2014-01-26T14:34:29.826Z",
            "modified": "2014-01-26T14:34:29.826Z",
            "order": 1
        }
    },
    {
        "pk": 62,
        "model": "questionnaire.questiongroup",
        "fields": {
            "name": null,
            "parent": null,
            "created": "2014-01-26T15:01:47.614Z",
            "question": [148, 150, 151, 152, 153, 154, 155, 156, 157, 158, 159, 160, 161, 162],
            "modified": "2014-01-26T15:01:47.614Z",
            "subsection": 29,
            "order": 1,
            "instructions": null
        }
    },
    {
        "pk": 64,
        "model": "questionnaire.questiongroup",
        "fields": {
            "name": null,
            "parent": null,
            "created": "2014-01-26T15:11:27.343Z",
            "question": [157, 158, 159, 160, 163, 166, 167],
            "modified": "2014-01-26T15:11:27.343Z",
            "subsection": 29,
            "order": 2,
            "instructions": null
        }
    },
    {
        "pk": 148,
        "model": "questionnaire.question",
        "fields": {
            "answer_type": "MultiChoice",
            "UID": "C00031",
            "created": "2014-01-26T14:34:49.261Z",
            "text": "Vaccine, Supplement, or Injection Equipment",
            "modified": "2014-01-26T14:34:49.261Z",
            "short_instruction": null,
            "instructions": null
        }
    },
    {
        "pk": 150,
        "model": "questionnaire.question",
        "fields": {
            "answer_type": "MultiChoice",
            "UID": "C0031b",
            "created": "2014-01-26T14:51:04.723Z",
            "text": "Type",
            "modified": "2014-01-26T14:51:04.740Z",
            "short_instruction": null,
            "instructions": null
        }
    },
    {
        "pk": 151,
        "model": "questionnaire.question",
        "fields": {
            "answer_type": "Text",
            "UID": "C00032",
            "created": "2014-01-26T14:51:12.399Z",
            "text": "A.1st dose",
            "modified": "2014-01-26T14:51:12.399Z",
            "short_instruction": null,
            "instructions": null
        }
    },
    {
        "pk": 152,
        "model": "questionnaire.question",
        "fields": {
            "answer_type": "Text",
            "UID": "C00033",
            "created": "2014-01-26T14:51:12.403Z",
            "text": "B.2nd dose",
            "modified": "2014-01-26T14:51:12.403Z",
            "short_instruction": null,
            "instructions": null
        }
    },
    {
        "pk": 153,
        "model": "questionnaire.question",
        "fields": {
            "answer_type": "Text",
            "UID": "C00034",
            "created": "2014-01-26T14:51:12.406Z",
            "text": "C.3rd dose",
            "modified": "2014-01-26T14:51:12.407Z",
            "short_instruction": null,
            "instructions": null
        }
    },
    {
        "pk": 154,
        "model": "questionnaire.question",
        "fields": {
            "answer_type": "Text",
            "UID": "C00035",
            "created": "2014-01-26T14:51:12.409Z",
            "text": "D.4th dose",
            "modified": "2014-01-26T14:51:12.410Z",
            "short_instruction": null,
            "instructions": null
        }
    },
    {
        "pk": 155,
        "model": "questionnaire.question",
        "fields": {
            "answer_type": "Text",
            "UID": "C00036",
            "created": "2014-01-26T14:51:12.413Z",
            "text": "E.5th dose",
            "modified": "2014-01-26T14:51:12.413Z",
            "short_instruction": null,
            "instructions": null
        }
    },
    {
        "pk": 156,
        "model": "questionnaire.question",
        "fields": {
            "answer_type": "Text",
            "UID": "C00037",
            "created": "2014-01-26T14:51:12.416Z",
            "text": "F.6th dose",
            "modified": "2014-01-26T14:51:12.416Z",
            "short_instruction": null,
            "instructions": null
        }
    },
    {
        "pk": 157,
        "model": "questionnaire.question",
        "fields": {
            "answer_type": "Date",
            "UID": "C00038",
            "created": "2014-01-26T14:51:19.847Z",
            "text": "G-H.Planned introduction",
            "modified": "2014-01-26T14:51:19.847Z",
            "short_instruction": null,
            "instructions": null
        }
    },
    {
        "pk": 158,
        "model": "questionnaire.question",
        "fields": {
            "answer_type": "MultiChoice",
            "UID": "C00040",
            "created": "2014-01-26T14:51:24.161Z",
            "text": "I.Geo-graphic area",
            "modified": "2014-01-26T14:51:24.161Z",
            "short_instruction": null,
            "instructions": "If a vaccine or supplement is given throughout the entire country, pick \"national\" from the drop-down list. If it is given only in certain regions of the country, pick \"subnational\". This column refers only to geographical areas and not to special target or risk groups."
        }
    },
    {
        "pk": 159,
        "model": "questionnaire.question",
        "fields": {
            "answer_type": "Text",
            "UID": "C00041",
            "created": "2014-01-26T14:51:31.104Z",
            "text": "J.Specific target group",
            "modified": "2014-01-26T14:51:31.104Z",
            "short_instruction": null,
            "instructions": "If a vaccine is not given to the entire population, specify the target group (for example, adults over 65, travellers, diabetes patients, or displaced persons)."
        }
    },
    {
        "pk": 160,
        "model": "questionnaire.question",
        "fields": {
            "answer_type": "Text",
            "UID": "C00042",
            "created": "2014-01-26T14:51:31.111Z",
            "text": "L.Name of manufacturer",
            "modified": "2014-01-26T14:51:31.111Z",
            "short_instruction": null,
            "instructions": "Indicate the origin for all vaccines and supplements used in the country and also for auto-disable (AD) syringes. If AD syringes are not used in the country, leave those cells blank."
        }
    },
    {
        "pk": 161,
        "model": "questionnaire.question",
        "fields": {
            "answer_type": "MultiChoice",
            "UID": "C00043",
            "created": "2014-01-26T14:51:38.533Z",
            "text": "M.Which agency procured the vaccine?",
            "modified": "2014-01-26T14:51:38.534Z",
            "short_instruction": null,
            "instructions": "\nThere are four possible answers:\n<ul>\n<li> the vaccine was procured by the supply division of the MOH or some other governmental agency</li>\n<li> the vaccine was procured through UNICEF, WHO, or PAHO</li>\n<li> the vaccine was procured through a donating agency, business, or person </li>\n<li> the vaccine was procured through some other organization or source not listed above</li>\n</ul>\n"
        }
    },
    {
        "pk": 162,
        "model": "questionnaire.question",
        "fields": {
            "answer_type": "Number",
            "UID": "C00044",
            "created": "2014-01-26T14:51:47.695Z",
            "text": "N.Total no. of doses procured at national level",
            "modified": "2014-01-26T14:51:47.696Z",
            "short_instruction": null,
            "instructions": "Indicate how many doses of each type of vaccine and supplement were procured at the national level."
        }
    },
    {
        "pk": 163,
        "model": "questionnaire.question",
        "fields": {
            "answer_type": "MultiChoice",
            "UID": "C00045",
            "created": "2014-01-26T15:06:04.716Z",
            "text": "AD equipement",
            "modified": "2014-01-26T15:06:04.716Z",
            "short_instruction": null,
            "instructions": null
        }
    },
    {
        "pk": 166,
        "model": "questionnaire.question",
        "fields": {
            "answer_type": "MultiChoice",
            "UID": "C00046",
            "created": "2014-01-26T15:08:12.288Z",
            "text": "M.Which agency procured the Syringes?",
            "modified": "2014-01-26T15:08:12.311Z",
            "short_instruction": null,
            "instructions": null
        }
    },
    {
        "pk": 167,
        "model": "questionnaire.question",
        "fields": {
            "answer_type": "Number",
            "UID": "C00047",
            "created": "2014-01-26T15:08:12.328Z",
            "text": "N.Total no. of syringes procured at national level",
            "modified": "2014-01-26T15:08:12.328Z",
            "short_instruction": null,
            "instructions": null
        }
    },
    {
        "pk": 156,
        "model": "questionnaire.questiongrouporder",
        "fields": {
            "order": 1,
            "question": 163,
            "modified": "2014-01-26T15:11:49.782Z",
            "question_group": 64,
            "created": "2014-01-26T15:11:49.781Z"
        }
    },
    {
        "pk": 157,
        "model": "questionnaire.questiongrouporder",
        "fields": {
            "order": 2,
            "question": 157,
            "modified": "2014-01-26T15:11:49.788Z",
            "question_group": 64,
            "created": "2014-01-26T15:11:49.788Z"
        }
    },
    {
        "pk": 158,
        "model": "questionnaire.questiongrouporder",
        "fields": {
            "order": 3,
            "question": 158,
            "modified": "2014-01-26T15:11:49.793Z",
            "question_group": 64,
            "created": "2014-01-26T15:11:49.792Z"
        }
    },
    {
        "pk": 159,
        "model": "questionnaire.questiongrouporder",
        "fields": {
            "order": 4,
            "question": 159,
            "modified": "2014-01-26T15:11:49.797Z",
            "question_group": 64,
            "created": "2014-01-26T15:11:49.797Z"
        }
    },
    {
        "pk": 160,
        "model": "questionnaire.questiongrouporder",
        "fields": {
            "order": 6,
            "question": 160,
            "modified": "2014-01-26T15:11:49.801Z",
            "question_group": 64,
            "created": "2014-01-26T15:11:49.801Z"
        }
    },
    {
        "pk": 161,
        "model": "questionnaire.questiongrouporder",
        "fields": {
            "order": 7,
            "question": 166,
            "modified": "2014-01-26T15:11:49.806Z",
            "question_group": 64,
            "created": "2014-01-26T15:11:49.806Z"
        }
    },
    {
        "pk": 162,
        "model": "questionnaire.questiongrouporder",
        "fields": {
            "order": 8,
            "question": 167,
            "modified": "2014-01-26T15:11:49.810Z",
            "question_group": 64,
            "created": "2014-01-26T15:11:49.810Z"
        }
    },
    {
        "pk": 229,
        "model": "questionnaire.questionoption",
        "fields": {
            "text": "BCG: Bacille Calmette-Guerin vaccine",
            "question": 148,
            "modified": "2014-01-26T14:54:17.395Z",
            "created": "2014-01-26T14:54:17.394Z"
        }
    },
    {
        "pk": 230,
        "model": "questionnaire.questionoption",
        "fields": {
            "text": "DTP: Diphtheria and tetanus toxoid with pertussis vaccine",
            "question": 148,
            "modified": "2014-01-26T14:54:17.412Z",
            "created": "2014-01-26T14:54:17.411Z"
        }
    },
    {
        "pk": 231,
        "model": "questionnaire.questionoption",
        "fields": {
            "text": "DTPHepB: Diphtheria and tetanus toxoid with pertussis and HepB vaccine",
            "question": 148,
            "modified": "2014-01-26T14:54:17.415Z",
            "created": "2014-01-26T14:54:17.415Z"
        }
    },
    {
        "pk": 232,
        "model": "questionnaire.questionoption",
        "fields": {
            "text": "\"DTPHepB IPV\": Diphtheria and tetanus toxoid with pertussis, HepB and IPV vaccine",
            "question": 148,
            "modified": "2014-01-26T14:54:17.420Z",
            "created": "2014-01-26T14:54:17.420Z"
        }
    },
    {
        "pk": 233,
        "model": "questionnaire.questionoption",
        "fields": {
            "text": "\"DTPHib HepB\": Diphtheria and tetanus toxoid with pertussis, Hib and HepB vaccine",
            "question": 148,
            "modified": "2014-01-26T14:54:17.423Z",
            "created": "2014-01-26T14:54:17.423Z"
        }
    },
    {
        "pk": 234,
        "model": "questionnaire.questionoption",
        "fields": {
            "text": "DTPHib: Diphtheria and tetanus toxoid with pertussis and Hib vaccine",
            "question": 148,
            "modified": "2014-01-26T14:54:17.427Z",
            "created": "2014-01-26T14:54:17.427Z"
        }
    },
    {
        "pk": 235,
        "model": "questionnaire.questionoption",
        "fields": {
            "text": "DTPHib IPV: Diphtheria and tetanus toxoid with pertussis, Hib and IPV vaccine",
            "question": 148,
            "modified": "2014-01-26T14:54:17.446Z",
            "created": "2014-01-26T14:54:17.446Z"
        }
    },
    {
        "pk": 236,
        "model": "questionnaire.questionoption",
        "fields": {
            "text": "DTPHib HepBIPV: Diphtheria and tetanus toxoid with pertussis, Hib, hepatitis B and IPV vaccine",
            "question": 148,
            "modified": "2014-01-26T14:54:17.452Z",
            "created": "2014-01-26T14:54:17.451Z"
        }
    },
    {
        "pk": 237,
        "model": "questionnaire.questionoption",
        "fields": {
            "text": "DTPIPV: Diphtheria and tetanus toxoid with pertussis vaccine and IPV",
            "question": 148,
            "modified": "2014-01-26T14:56:44.103Z",
            "created": "2014-01-26T14:56:44.103Z"
        }
    },
    {
        "pk": 238,
        "model": "questionnaire.questionoption",
        "fields": {
            "text": "Dip: Diphtheria vaccine",
            "question": 148,
            "modified": "2014-01-26T14:56:56.393Z",
            "created": "2014-01-26T14:56:56.392Z"
        }
    },
    {
        "pk": 239,
        "model": "questionnaire.questionoption",
        "fields": {
            "text": "DT: Tetanus and diphtheria toxoid, children's dose",
            "question": 148,
            "modified": "2014-01-26T14:56:56.397Z",
            "created": "2014-01-26T14:56:56.396Z"
        }
    },
    {
        "pk": 240,
        "model": "questionnaire.questionoption",
        "fields": {
            "text": "Td: Tetanus and diphtheria toxoid for older children and adults",
            "question": 148,
            "modified": "2014-01-26T14:56:56.401Z",
            "created": "2014-01-26T14:56:56.401Z"
        }
    },
    {
        "pk": 241,
        "model": "questionnaire.questionoption",
        "fields": {
            "text": "TdaP: Tetanus, diphtheria toxoid, acelular perussis for older children and adults",
            "question": 148,
            "modified": "2014-01-26T14:56:56.405Z",
            "created": "2014-01-26T14:56:56.405Z"
        }
    },
    {
        "pk": 242,
        "model": "questionnaire.questionoption",
        "fields": {
            "text": "TT: Tetanus toxoid",
            "question": 148,
            "modified": "2014-01-26T14:56:56.409Z",
            "created": "2014-01-26T14:56:56.409Z"
        }
    },
    {
        "pk": 243,
        "model": "questionnaire.questionoption",
        "fields": {
            "text": "P: Pertussis vaccine",
            "question": 148,
            "modified": "2014-01-26T14:56:56.413Z",
            "created": "2014-01-26T14:56:56.413Z"
        }
    },
    {
        "pk": 244,
        "model": "questionnaire.questionoption",
        "fields": {
            "text": "HepA: Hepatitis A vaccine",
            "question": 148,
            "modified": "2014-01-26T14:57:09.745Z",
            "created": "2014-01-26T14:57:09.744Z"
        }
    },
    {
        "pk": 245,
        "model": "questionnaire.questionoption",
        "fields": {
            "text": "HepB_Adult: Adult Hepatitis B vaccine",
            "question": 148,
            "modified": "2014-01-26T14:57:09.748Z",
            "created": "2014-01-26T14:57:09.748Z"
        }
    },
    {
        "pk": 246,
        "model": "questionnaire.questionoption",
        "fields": {
            "text": "HepB_Pediatric: Pediatric Hepatitis B vaccine",
            "question": 148,
            "modified": "2014-01-26T14:57:09.752Z",
            "created": "2014-01-26T14:57:09.751Z"
        }
    },
    {
        "pk": 247,
        "model": "questionnaire.questionoption",
        "fields": {
            "text": "Hib: Haemophilus influenza type b vaccine",
            "question": 148,
            "modified": "2014-01-26T14:57:09.755Z",
            "created": "2014-01-26T14:57:09.755Z"
        }
    },
    {
        "pk": 248,
        "model": "questionnaire.questionoption",
        "fields": {
            "text": "OPV: Oral polio vaccine",
            "question": 148,
            "modified": "2014-01-26T14:57:09.759Z",
            "created": "2014-01-26T14:57:09.759Z"
        }
    },
    {
        "pk": 249,
        "model": "questionnaire.questionoption",
        "fields": {
            "text": "IPV: Inactivated polio vaccine",
            "question": 148,
            "modified": "2014-01-26T14:57:09.762Z",
            "created": "2014-01-26T14:57:09.762Z"
        }
    },
    {
        "pk": 250,
        "model": "questionnaire.questionoption",
        "fields": {
            "text": "Measles: Measles vaccine",
            "question": 148,
            "modified": "2014-01-26T14:57:09.766Z",
            "created": "2014-01-26T14:57:09.766Z"
        }
    },
    {
        "pk": 251,
        "model": "questionnaire.questionoption",
        "fields": {
            "text": "MM: Measles and mumps vaccine",
            "question": 148,
            "modified": "2014-01-26T14:57:09.769Z",
            "created": "2014-01-26T14:57:09.769Z"
        }
    },
    {
        "pk": 252,
        "model": "questionnaire.questionoption",
        "fields": {
            "text": "MR: Measles and rubella vaccine",
            "question": 148,
            "modified": "2014-01-26T14:57:09.773Z",
            "created": "2014-01-26T14:57:09.773Z"
        }
    },
    {
        "pk": 253,
        "model": "questionnaire.questionoption",
        "fields": {
            "text": "MMR: Measles, mumps and rubella vaccine",
            "question": 148,
            "modified": "2014-01-26T14:57:09.776Z",
            "created": "2014-01-26T14:57:09.776Z"
        }
    },
    {
        "pk": 254,
        "model": "questionnaire.questionoption",
        "fields": {
            "text": "Mumps: Mumps vaccine",
            "question": 148,
            "modified": "2014-01-26T14:57:09.790Z",
            "created": "2014-01-26T14:57:09.790Z"
        }
    },
    {
        "pk": 255,
        "model": "questionnaire.questionoption",
        "fields": {
            "text": "JE_LiveAtd: Japanese encephalitis live attenuated vaccine",
            "question": 148,
            "modified": "2014-01-26T14:57:18.664Z",
            "created": "2014-01-26T14:57:18.664Z"
        }
    },
    {
        "pk": 256,
        "model": "questionnaire.questionoption",
        "fields": {
            "text": "JE_Inactd: Japanese encephalitis inactivated vaccine",
            "question": 148,
            "modified": "2014-01-26T14:57:18.669Z",
            "created": "2014-01-26T14:57:18.669Z"
        }
    },
    {
        "pk": 257,
        "model": "questionnaire.questionoption",
        "fields": {
            "text": "Influenza_Adult: Adult seasonal influenza vaccine",
            "question": 148,
            "modified": "2014-01-26T14:57:18.672Z",
            "created": "2014-01-26T14:57:18.672Z"
        }
    },
    {
        "pk": 258,
        "model": "questionnaire.questionoption",
        "fields": {
            "text": "Influenza_Pediatric: Pediatrict seasonal influenza vaccine",
            "question": 148,
            "modified": "2014-01-26T14:57:18.676Z",
            "created": "2014-01-26T14:57:18.676Z"
        }
    },
    {
        "pk": 259,
        "model": "questionnaire.questionoption",
        "fields": {
            "text": "MenC_conj: Meningococcal C conjugate vaccine",
            "question": 148,
            "modified": "2014-01-26T14:57:18.679Z",
            "created": "2014-01-26T14:57:18.679Z"
        }
    },
    {
        "pk": 260,
        "model": "questionnaire.questionoption",
        "fields": {
            "text": "Men AC: Meningococcal AC ",
            "question": 148,
            "modified": "2014-01-26T14:57:18.682Z",
            "created": "2014-01-26T14:57:18.682Z"
        }
    },
    {
        "pk": 261,
        "model": "questionnaire.questionoption",
        "fields": {
            "text": "Men ACW: Meningococcal ACW",
            "question": 148,
            "modified": "2014-01-26T14:57:18.685Z",
            "created": "2014-01-26T14:57:18.685Z"
        }
    },
    {
        "pk": 262,
        "model": "questionnaire.questionoption",
        "fields": {
            "text": "Men ACWY: Meningococcal ACWY",
            "question": 148,
            "modified": "2014-01-26T14:57:18.689Z",
            "created": "2014-01-26T14:57:18.688Z"
        }
    },
    {
        "pk": 263,
        "model": "questionnaire.questionoption",
        "fields": {
            "text": "Men A: Meningococcal A conjugate vaccine",
            "question": 148,
            "modified": "2014-01-26T14:57:18.693Z",
            "created": "2014-01-26T14:57:18.692Z"
        }
    },
    {
        "pk": 264,
        "model": "questionnaire.questionoption",
        "fields": {
            "text": "Pneumoco_ conj: Pneumococcal conjugate vaccine: No. of valents",
            "question": 148,
            "modified": "2014-01-26T14:57:18.696Z",
            "created": "2014-01-26T14:57:18.696Z"
        }
    },
    {
        "pk": 265,
        "model": "questionnaire.questionoption",
        "fields": {
            "text": "Pneumo_ps: Pneumococcal polysaccharide vaccine",
            "question": 148,
            "modified": "2014-01-26T14:57:18.719Z",
            "created": "2014-01-26T14:57:18.719Z"
        }
    },
    {
        "pk": 266,
        "model": "questionnaire.questionoption",
        "fields": {
            "text": "Rubella: Rubella vaccine",
            "question": 148,
            "modified": "2014-01-26T14:57:18.723Z",
            "created": "2014-01-26T14:57:18.723Z"
        }
    },
    {
        "pk": 267,
        "model": "questionnaire.questionoption",
        "fields": {
            "text": "Typhoid: Typhoid fever vaccine",
            "question": 148,
            "modified": "2014-01-26T14:57:18.726Z",
            "created": "2014-01-26T14:57:18.726Z"
        }
    },
    {
        "pk": 268,
        "model": "questionnaire.questionoption",
        "fields": {
            "text": "Varicella: Varicella vaccine",
            "question": 148,
            "modified": "2014-01-26T14:57:39.575Z",
            "created": "2014-01-26T14:57:39.575Z"
        }
    },
    {
        "pk": 269,
        "model": "questionnaire.questionoption",
        "fields": {
            "text": "YF: Yellow fever vaccine",
            "question": 148,
            "modified": "2014-01-26T14:57:39.580Z",
            "created": "2014-01-26T14:57:39.580Z"
        }
    },
    {
        "pk": 270,
        "model": "questionnaire.questionoption",
        "fields": {
            "text": "Rotavirus: Rotavirus vaccine: No. of valents",
            "question": 148,
            "modified": "2014-01-26T14:57:39.584Z",
            "created": "2014-01-26T14:57:39.584Z"
        }
    },
    {
        "pk": 271,
        "model": "questionnaire.questionoption",
        "fields": {
            "text": "HPV: Human papillomavirus  vaccine: No. of valents",
            "question": 148,
            "modified": "2014-01-26T14:57:39.588Z",
            "created": "2014-01-26T14:57:39.588Z"
        }
    },
    {
        "pk": 272,
        "model": "questionnaire.questionoption",
        "fields": {
            "text": "Vit A: Vitamin A supplements",
            "question": 148,
            "modified": "2014-01-26T14:57:39.592Z",
            "created": "2014-01-26T14:57:39.592Z"
        }
    },
    {
        "pk": 273,
        "model": "questionnaire.questionoption",
        "fields": {
            "text": "Acellular",
            "question": 150,
            "modified": "2014-01-26T14:57:39.596Z",
            "created": "2014-01-26T14:57:39.596Z"
        }
    },
    {
        "pk": 274,
        "model": "questionnaire.questionoption",
        "fields": {
            "text": "Whole cell",
            "question": 150,
            "modified": "2014-01-26T14:57:39.600Z",
            "created": "2014-01-26T14:57:39.600Z"
        }
    },
    {
        "pk": 166,
        "model": "questionnaire.questiongrouporder",
        "fields": {
            "order": 1,
            "question": 148,
            "modified": "2014-01-27T08:29:15.920Z",
            "question_group": 62,
            "created": "2014-01-27T08:29:15.920Z"
        }
    },
    {
        "pk": 167,
        "model": "questionnaire.questiongrouporder",
        "fields": {
            "order": 2,
            "question": 150,
            "modified": "2014-01-27T08:29:15.935Z",
            "question_group": 62,
            "created": "2014-01-27T08:29:15.935Z"
        }
    },
    {
        "pk": 168,
        "model": "questionnaire.questiongrouporder",
        "fields": {
            "order": 3,
            "question": 151,
            "modified": "2014-01-27T08:29:15.940Z",
            "question_group": 62,
            "created": "2014-01-27T08:29:15.940Z"
        }
    },
    {
        "pk": 169,
        "model": "questionnaire.questiongrouporder",
        "fields": {
            "order": 4,
            "question": 152,
            "modified": "2014-01-27T08:29:15.944Z",
            "question_group": 62,
            "created": "2014-01-27T08:29:15.944Z"
        }
    },
    {
        "pk": 170,
        "model": "questionnaire.questiongrouporder",
        "fields": {
            "order": 5,
            "question": 153,
            "modified": "2014-01-27T08:29:15.947Z",
            "question_group": 62,
            "created": "2014-01-27T08:29:15.947Z"
        }
    },
    {
        "pk": 171,
        "model": "questionnaire.questiongrouporder",
        "fields": {
            "order": 6,
            "question": 154,
            "modified": "2014-01-27T08:29:15.951Z",
            "question_group": 62,
            "created": "2014-01-27T08:29:15.951Z"
        }
    },
    {
        "pk": 172,
        "model": "questionnaire.questiongrouporder",
        "fields": {
            "order": 7,
            "question": 155,
            "modified": "2014-01-27T08:29:15.961Z",
            "question_group": 62,
            "created": "2014-01-27T08:29:15.961Z"
        }
    },
    {
        "pk": 173,
        "model": "questionnaire.questiongrouporder",
        "fields": {
            "order": 8,
            "question": 156,
            "modified": "2014-01-27T08:29:15.965Z",
            "question_group": 62,
            "created": "2014-01-27T08:29:15.965Z"
        }
    },
    {
        "pk": 165,
        "model": "questionnaire.questiongrouporder",
        "fields": {
            "order": 9,
            "question": 157,
            "modified": "2014-01-27T08:28:36.377Z",
            "question_group": 62,
            "created": "2014-01-27T08:28:36.376Z"
        }
    },
    {
        "pk": 174,
        "model": "questionnaire.questiongrouporder",
        "fields": {
            "order": 9,
            "question": 157,
            "modified": "2014-01-27T08:29:32.603Z",
            "question_group": 62,
            "created": "2014-01-27T08:29:32.603Z"
        }
    },
    {
        "pk": 175,
        "model": "questionnaire.questiongrouporder",
        "fields": {
            "order": 10,
            "question": 158,
            "modified": "2014-01-27T08:29:32.607Z",
            "question_group": 62,
            "created": "2014-01-27T08:29:32.607Z"
        }
    },
    {
        "pk": 176,
        "model": "questionnaire.questiongrouporder",
        "fields": {
            "order": 11,
            "question": 159,
            "modified": "2014-01-27T08:29:32.611Z",
            "question_group": 62,
            "created": "2014-01-27T08:29:32.611Z"
        }
    },
    {
        "pk": 177,
        "model": "questionnaire.questiongrouporder",
        "fields": {
            "order": 12,
            "question": 160,
            "modified": "2014-01-27T08:29:32.614Z",
            "question_group": 62,
            "created": "2014-01-27T08:29:32.614Z"
        }
    },
    {
        "pk": 178,
        "model": "questionnaire.questiongrouporder",
        "fields": {
            "order": 13,
            "question": 161,
            "modified": "2014-01-27T08:29:32.618Z",
            "question_group": 62,
            "created": "2014-01-27T08:29:32.618Z"
        }
    },
    {
        "pk": 179,
        "model": "questionnaire.questiongrouporder",
        "fields": {
            "order": 14,
            "question": 162,
            "modified": "2014-01-27T08:29:32.622Z",
            "question_group": 62,
            "created": "2014-01-27T08:29:32.621Z"
        }
    }
]

