[
    {
        "pk": 7,
        "model": "questionnaire.questionnaire",
        "fields": {
            "description": "From dropbox as given by Rouslan",
            "modified": "2014-01-20T18:40:27.242Z",
            "name": "JRF 2013 Core English",
            "created": "2014-01-20T18:40:27.241Z"
        }
    },
    {
        "pk": 12,
        "model": "questionnaire.section",
        "fields": {
            "description": null,
            "title": "Reported Cases of Selected Vaccine Preventable Diseases (VPDs)",
            "created": "2014-01-20T18:40:39.080Z",
            "modified": "2014-01-20T18:40:39.080Z",
            "questionnaire": 7,
            "order": 1,
            "name": "Reported Cases"
        }
    },
    {
        "pk": 13,
        "model": "questionnaire.section",
        "fields": {
            "description": "Please complete this section if in your country\nroutine immunization is given to school-aged children using the school as a venue. For the purpose of this section,\nplease consider as \"\"routine\"\" only those doses that are part of the national immunization schedule.\nDo not include doses given in campaigns, even if during those campaigns schools were used as vaccination sites.",
            "title": "School Based Immunization",
            "created": "2014-01-20T18:42:21.876Z",
            "modified": "2014-01-20T18:42:21.876Z",
            "questionnaire": 7,
            "order": 2,
            "name": "School Imm Delivery"
        }
    },
    {
        "pk": 14,
        "model": "questionnaire.section",
        "fields": {
            "description": "",
            "title": "National Administrative Coverage for the Year 2013",
            "created": "2014-01-20T18:42:21.876Z",
            "modified": "2014-01-20T18:42:21.876Z",
            "questionnaire": 7,
            "order": 3,
            "name": "Routine Coverage"
        }
    },

    {
        "pk": 22,
        "model": "questionnaire.subsection",
        "fields": {
            "description": null,
            "title": "Reported cases for the year 2013",
            "section": 12,
            "created": "2014-01-20T18:40:39.084Z",
            "modified": "2014-01-20T18:40:39.084Z",
            "order": 1
        }
    },
    {
        "pk": 23,
        "model": "questionnaire.subsection",
        "fields": {
            "description": null,
            "title": "Presence of surveillance systems",
            "section": 12,
            "created": "2014-01-20T18:41:34.901Z",
            "modified": "2014-01-20T18:41:34.901Z",
            "order": 2
        }
    },
    {
        "pk": 24,
        "model": "questionnaire.subsection",
        "fields": {
            "description": null,
            "title": "",
            "section": 13,
            "created": "2014-01-20T18:42:21.880Z",
            "modified": "2014-01-20T18:42:21.880Z",
            "order": 1
        }
    },
    {
        "pk": 25,
        "model": "questionnaire.subsection",
        "fields": {
            "description": "Please complete the table by using one row for each vaccine and each target group. Examples: if TT\n     and MR is given in grade 2 and TT in grade 8, use three rows (TT-grade 2; MR-grade 2; TT-grade 8);\n     if TT and MR are given to children aged 8 years, and TT to children aged 14 years, use three rows\n      (TT-8 years; MR-8 years; TT-14 years)\n     ",
            "title": "Routine Immunization given at school(please complete one row  for each grade level or age and vaccine)",
            "section": 13,
            "created": "2014-01-21T07:40:15.017Z",
            "modified": "2014-01-21T07:40:15.017Z",
            "order": 2
        }
    },
    {
        "pk": 22,
        "model": "questionnaire.subsection",
        "fields": {
            "description": null,
            "title": "Reported cases for the year 2013",
            "section": 12,
            "created": "2014-01-20T18:40:39.084Z",
            "modified": "2014-01-20T18:40:39.084Z",
            "order": 1
        }
    },
    {
        "pk": 23,
        "model": "questionnaire.subsection",
        "fields": {
            "description": null,
            "title": "Presence of surveillance systems",
            "section": 12,
            "created": "2014-01-20T18:41:34.901Z",
            "modified": "2014-01-20T18:41:34.901Z",
            "order": 2
        }
    },
    {
        "pk": 24,
        "model": "questionnaire.subsection",
        "fields": {
            "description": null,
            "title": "",
            "section": 13,
            "created": "2014-01-20T18:42:21.880Z",
            "modified": "2014-01-20T18:42:21.880Z",
            "order": 1
        }
    },
    {
        "pk": 25,
        "model": "questionnaire.subsection",
        "fields": {
            "description": "Please complete the table by using one row for each vaccine and each target group. Examples: if TT\n     and MR is given in grade 2 and TT in grade 8, use three rows (TT-grade 2; MR-grade 2; TT-grade 8);\n     if TT and MR are given to children aged 8 years, and TT to children aged 14 years, use three rows\n      (TT-8 years; MR-8 years; TT-14 years)\n     ",
            "title": "Routine Immunization given at school(please complete one row  for each grade level or age and vaccine)",
            "section": 13,
            "created": "2014-01-21T07:40:15.017Z",
            "modified": "2014-01-21T07:40:15.017Z",
            "order": 2
        }
    },

    {
        "pk": 112,
        "model": "questionnaire.question",
        "fields": {
            "answer_type": "MultiChoice",
            "UID": "C00001",
            "created": "2014-01-20T18:40:39.089Z",
            "text": "Disease",
            "modified": "2014-01-20T18:40:39.089Z",
            "short_instruction": null,
            "instructions": null
        }
    },
    {
        "pk": 113,
        "model": "questionnaire.question",
        "fields": {
            "answer_type": "Number",
            "UID": "C00002",
            "created": "2014-01-20T18:40:51.642Z",
            "text": "A. Total Cases",
            "modified": "2014-01-20T18:40:51.642Z",
            "short_instruction": "Include clinically, epidemiologically, and laboratory-confirmed cases. Do not include suspect cases.",
            "instructions": "<strong>Column A</strong> refers only to <strong>CONFIRMED</strong> cases, including those confirmed clinically, epidemiologically, or by laboratory investigation.&nbsp;<br />\n<br />\n<strong>Clinically-confirmed case:</strong> a case that meets the clinical case definition of the country<br />\n<br />\n<strong>Epidemiologically-confirmed case: </strong>a case that meets the clinical case definition and is linked epidemiologically to a laboratory-confirmed case<br />\n<br />\n<strong>Laboratory-confirmed case:</strong> a case that meets the clinical case definition and is confirmed by laboratory investigation<br />\n<br />\nCases that have been <strong>discarded</strong> following laboratory investigation should <strong>NOT</strong> be included in these columns.\n"
        }
    },
    {
        "pk": 114,
        "model": "questionnaire.question",
        "fields": {
            "answer_type": "Number",
            "UID": "C00003",
            "created": "2014-01-20T18:41:07.935Z",
            "text": "B. Number of cases tested",
            "modified": "2014-01-20T18:41:07.936Z",
            "short_instruction": null,
            "instructions": "Enter the total number of cases for which specimens were collected, and tested in laboratory"
        }
    },
    {
        "pk": 115,
        "model": "questionnaire.question",
        "fields": {
            "answer_type": "Number",
            "UID": "C00004",
            "created": "2014-01-20T18:41:07.942Z",
            "text": "C. Number of cases positive",
            "modified": "2014-01-20T18:41:07.942Z",
            "short_instruction": null,
            "instructions": "Include only those cases found positive for the infectious agent."
        }
    },
    {
        "pk": 116,
        "model": "questionnaire.question",
        "fields": {
            "answer_type": "MultiChoice",
            "UID": "C00005",
            "created": "2014-01-20T18:41:34.909Z",
            "text": "Is there a surveillance system in place for invasive bacterial diseases (for example bacterial meningitis,\nsepsis or bacteremic pneumonia), in which suspected cases are confirmed by laboratory and surveillance data could provide information to allow evaluation\nof the impact of vaccination against Hib and/or Pneumococcus?",
            "modified": "2014-01-20T18:41:34.909Z",
            "short_instruction": null,
            "instructions": null
        }
    },
    {
        "pk": 117,
        "model": "questionnaire.question",
        "fields": {
            "answer_type": "MultiChoice",
            "UID": "C00006",
            "created": "2014-01-20T18:41:34.932Z",
            "text": "Is there a surveillance system in place for rotavirus diarrhoea, in which suspected cases are confirmed\n by laboratory and surveillance data could provide information to allow evaluation of the impact of vaccination against rotavirus?",
            "modified": "2014-01-20T18:41:34.932Z",
            "short_instruction": null,
            "instructions": null
        }
    },
    {
        "pk": 118,
        "model": "questionnaire.question",
        "fields": {
            "answer_type": "MultiChoice",
            "UID": "C00007",
            "created": "2014-01-20T18:42:31.495Z",
            "text": "Are any routine doses of vaccine given to children at school?",
            "modified": "2014-01-20T18:42:31.495Z",
            "short_instruction": null,
            "instructions": null
        }
    },
    {
        "pk": 119,
        "model": "questionnaire.question",
        "fields": {
            "answer_type": "MultiChoice",
            "UID": "C00008",
            "created": "2014-01-20T18:42:48.854Z",
            "text": "Vaccine procurement",
            "modified": "2014-01-20T18:42:48.855Z",
            "short_instruction": null,
            "instructions": null
        }
    },
    {
        "pk": 120,
        "model": "questionnaire.question",
        "fields": {
            "answer_type": "MultiChoice",
            "UID": "C00009",
            "created": "2014-01-20T18:42:48.866Z",
            "text": "Vaccinators",
            "modified": "2014-01-20T18:42:48.866Z",
            "short_instruction": null,
            "instructions": null
        }
    },
    {
        "pk": 121,
        "model": "questionnaire.question",
        "fields": {
            "answer_type": "MultiChoice",
            "UID": "C00010",
            "created": "2014-01-20T18:42:48.876Z",
            "text": "Supervision",
            "modified": "2014-01-20T18:42:48.876Z",
            "short_instruction": null,
            "instructions": null
        }
    },
    {
        "pk": 122,
        "model": "questionnaire.question",
        "fields": {
            "answer_type": "MultiChoice",
            "UID": "C00011",
            "created": "2014-01-20T18:42:48.886Z",
            "text": "Planing",
            "modified": "2014-01-20T18:42:48.886Z",
            "short_instruction": null,
            "instructions": null
        }
    },
    {
        "pk": 123,
        "model": "questionnaire.question",
        "fields": {
            "answer_type": "MultiChoice",
            "UID": "C00012",
            "created": "2014-01-20T18:43:00.625Z",
            "text": "Is this part of a comprehensive school health program that delivers other health intervention also?",
            "modified": "2014-01-20T18:43:00.625Z",
            "short_instruction": null,
            "instructions": null
        }
    },
    {
        "pk": 124,
        "model": "questionnaire.question",
        "fields": {
            "answer_type": "MultiChoice",
            "UID": "C00013",
            "created": "2014-01-20T18:43:00.657Z",
            "text": "Which interventions are given in the school health program?",
            "modified": "2014-01-20T18:43:00.657Z",
            "short_instruction": null,
            "instructions": null
        }
    },
    {
        "pk": 128,
        "model": "questionnaire.question",
        "fields": {
            "answer_type": "Text",
            "UID": "C00014",
            "created": "2014-01-21T07:40:27.067Z",
            "text": "Vaccine",
            "modified": "2014-01-21T07:40:27.067Z",
            "short_instruction": null,
            "instructions": null
        }
    },
    {
        "pk": 129,
        "model": "questionnaire.question",
        "fields": {
            "answer_type": "Number",
            "UID": "C00015",
            "created": "2014-01-21T07:40:27.081Z",
            "text": "A. Grade/Level",
            "modified": "2014-01-21T07:40:27.082Z",
            "short_instruction": null,
            "instructions": "\n\"Grade / Level\" indicates the class or grade that is targeted for\nthe vaccine concerned. Complete this cell if children in school are targeted by class or grade,\n regardless of their age. Please use the local gradation system, or use a class grading system of 1 to 12, where class 1\n  equals the first year in primary school, class 2 the second year of primary school, etc.  "
        }
    },
    {
        "pk": 130,
        "model": "questionnaire.question",
        "fields": {
            "answer_type": "Number",
            "UID": "C00016",
            "created": "2014-01-21T07:40:32.887Z",
            "text": "B. Age Group",
            "modified": "2014-01-21T07:40:32.887Z",
            "short_instruction": null,
            "instructions": "\n\"Age group\" indicates the age groups that are targeted for the vaccine concerned. Complete this cell if children are\n targeted according to their age rather than according to the class they are in.\n"
        }
    },
    {
        "pk": 131,
        "model": "questionnaire.question",
        "fields": {
            "answer_type": "MultiChoice",
            "UID": "C00017",
            "created": "2014-01-21T07:40:32.892Z",
            "text": "C. Sex",
            "modified": "2014-01-21T07:40:32.892Z",
            "short_instruction": null,
            "instructions": null
        }
    },
    {
        "pk": 132,
        "model": "questionnaire.question",
        "fields": {
            "answer_type": "MultiChoice",
            "UID": "C00018",
            "created": "2014-01-21T07:40:40.363Z",
            "text": "D. Geographic Area",
            "modified": "2014-01-21T07:40:40.363Z",
            "short_instruction": null,
            "instructions": null
        }
    },
    {
        "pk": 133,
        "model": "questionnaire.question",
        "fields": {
            "answer_type": "Number",
            "UID": "C00019",
            "created": "2014-01-21T07:40:40.383Z",
            "text": "E. Number in target group",
            "modified": "2014-01-21T07:40:40.383Z",
            "short_instruction": null,
            "instructions": "\n\"Number targeted\" is the number of children targeted through the school-based immunization for each dose.\nIf school-based immunization is not given in all the areas of the country, the target is the number of children\n in the areas where school-based immunization is being implemented\n"
        }
    },
    {
        "pk": 134,
        "model": "questionnaire.question",
        "fields": {
            "answer_type": "Number",
            "UID": "C00020",
            "created": "2014-01-21T07:40:47.870Z",
            "text": "F. Number of doses administered at school",
            "modified": "2014-01-21T07:40:47.870Z",
            "short_instruction": null,
            "instructions": "\n\"Number vaccinated in school\": the number for children who received this dose in the areas where school-based\nimmunization is being implemented.\n "
        }
    },
    {
        "pk": 135,
        "model": "questionnaire.question",
        "fields": {
            "answer_type": "Text",
            "UID": "C00021",
            "created": "2014-01-21T07:40:47.879Z",
            "text": "G. Other interventions given with the vaccine",
            "modified": "2014-01-21T07:40:47.879Z",
            "short_instruction": null,
            "instructions": "\n\"Other intervention given with the vaccine\":  Mention any other intervention\n(e.g. growth monitoring, antihelmintics,...) that is given at the same time as the vaccination contact "
        }
    },
    {
        "pk": 136,
        "model": "questionnaire.question",
        "fields": {
            "answer_type": "MultiChoice",
            "UID": "C00022",
            "created": "2014-01-21T07:40:47.884Z",
            "text": "H. Does recorded on immunization or child death card",
            "modified": "2014-01-21T07:40:47.884Z",
            "short_instruction": null,
            "instructions": null
        }
    },
    {
        "pk": 51,
        "model": "questionnaire.questiongroup",
        "fields": {
            "name": null,
            "parent": null,
            "created": "2014-01-20T18:41:07.945Z",
            "question": [112, 113],
            "modified": "2014-01-20T18:41:07.945Z",
            "subsection": 22,
            "order": 1,
            "instructions": null
        }
    },
    {
        "pk": 52,
        "model": "questionnaire.questiongroup",
        "fields": {
            "name": "Laboratory Investigation",
            "parent": 51,
            "created": "2014-01-20T18:41:19.549Z",
            "question": [114, 115],
            "modified": "2014-01-20T18:41:19.550Z",
            "subsection": 22,
            "order": null,
            "instructions": null
        }
    },
    {
        "pk": 53,
        "model": "questionnaire.questiongroup",
        "fields": {
            "name": null,
            "parent": null,
            "created": "2014-01-20T18:41:34.912Z",
            "question": [116],
            "modified": "2014-01-20T18:41:34.913Z",
            "subsection": 23,
            "order": 1,
            "instructions": null
        }
    },
    {
        "pk": 54,
        "model": "questionnaire.questiongroup",
        "fields": {
            "name": null,
            "parent": null,
            "created": "2014-01-20T18:41:34.947Z",
            "question": [117],
            "modified": "2014-01-20T18:41:34.947Z",
            "subsection": 23,
            "order": 2,
            "instructions": null
        }
    },
    {
        "pk": 55,
        "model": "questionnaire.questiongroup",
        "fields": {
            "name": null,
            "parent": null,
            "created": "2014-01-20T18:42:31.509Z",
            "question": [118],
            "modified": "2014-01-20T18:42:31.510Z",
            "subsection": 24,
            "order": 1,
            "instructions": null
        }
    },
    {
        "pk": 56,
        "model": "questionnaire.questiongroup",
        "fields": {
            "name": null,
            "parent": null,
            "created": "2014-01-20T18:42:48.907Z",
            "question": [],
            "modified": "2014-01-20T18:42:48.907Z",
            "subsection": 24,
            "order": 2,
            "instructions": null
        }
    },
    {
        "pk": 57,
        "model": "questionnaire.questiongroup",
        "fields": {
            "name": "Whichactivities the EPI Program responsible for (and not the school staff per se ):",
            "parent": 56,
            "created": "2014-01-20T18:42:48.911Z",
            "question": [120, 121, 122, 119],
            "modified": "2014-01-20T18:42:48.912Z",
            "subsection": 24,
            "order": null,
            "instructions": null
        }
    },
    {
        "pk": 58,
        "model": "questionnaire.questiongroup",
        "fields": {
            "name": null,
            "parent": null,
            "created": "2014-01-20T18:43:00.635Z",
            "question": [123],
            "modified": "2014-01-20T18:43:00.635Z",
            "subsection": 24,
            "order": 3,
            "instructions": null
        }
    },
    {
        "pk": 59,
        "model": "questionnaire.questiongroup",
        "fields": {
            "name": null,
            "parent": null,
            "created": "2014-01-21T07:40:02.108Z",
            "question": [124],
            "modified": "2014-01-21T07:40:02.108Z",
            "subsection": 24,
            "order": 3,
            "instructions": null
        }
    },
    {
        "pk": 60,
        "model": "questionnaire.questiongroup",
        "fields": {
            "name": null,
            "parent": null,
            "created": "2014-01-21T07:40:57.290Z",
            "question": [128, 129, 130, 131, 132, 133, 134, 135, 136],
            "modified": "2014-01-21T07:40:57.290Z",
            "subsection": 25,
            "order": 1,
            "instructions": null
        }
    },
    {
        "pk": 191,
        "model": "questionnaire.questionoption",
        "fields": {
            "text": "Diphteria",
            "question": 112,
            "modified": "2014-01-20T18:41:19.560Z",
            "created": "2014-01-20T18:41:19.560Z"
        }
    },
    {
        "pk": 192,
        "model": "questionnaire.questionoption",
        "fields": {
            "text": "Measles",
            "question": 112,
            "modified": "2014-01-20T18:41:19.564Z",
            "created": "2014-01-20T18:41:19.564Z"
        }
    },
    {
        "pk": 193,
        "model": "questionnaire.questionoption",
        "fields": {
            "text": "Neonatal tetanus (NT)",
            "question": 112,
            "modified": "2014-01-20T18:41:19.568Z",
            "created": "2014-01-20T18:41:19.568Z"
        }
    },
    {
        "pk": 194,
        "model": "questionnaire.questionoption",
        "fields": {
            "text": "Total tetanus (all tetanus including NT)",
            "question": 112,
            "modified": "2014-01-20T18:41:19.572Z",
            "created": "2014-01-20T18:41:19.571Z"
        }
    },
    {
        "pk": 195,
        "model": "questionnaire.questionoption",
        "fields": {
            "text": "Pertussis",
            "question": 112,
            "modified": "2014-01-20T18:41:19.575Z",
            "created": "2014-01-20T18:41:19.575Z"
        }
    },
    {
        "pk": 196,
        "model": "questionnaire.questionoption",
        "fields": {
            "text": "Yellow fever",
            "question": 112,
            "modified": "2014-01-20T18:41:19.578Z",
            "created": "2014-01-20T18:41:19.578Z"
        }
    },
    {
        "pk": 197,
        "model": "questionnaire.questionoption",
        "fields": {
            "text": "Japanese encephalitis",
            "question": 112,
            "modified": "2014-01-20T18:41:19.580Z",
            "created": "2014-01-20T18:41:19.580Z"
        }
    },
    {
        "pk": 198,
        "model": "questionnaire.questionoption",
        "fields": {
            "text": "Mumps",
            "question": 112,
            "modified": "2014-01-20T18:41:19.593Z",
            "created": "2014-01-20T18:41:19.593Z"
        }
    },
    {
        "pk": 199,
        "model": "questionnaire.questionoption",
        "fields": {
            "text": "Rubella",
            "question": 112,
            "modified": "2014-01-20T18:41:19.596Z",
            "created": "2014-01-20T18:41:19.596Z"
        }
    },
    {
        "pk": 200,
        "model": "questionnaire.questionoption",
        "fields": {
            "text": "Congenital rubella syndrome",
            "question": 112,
            "modified": "2014-01-20T18:41:19.599Z",
            "created": "2014-01-20T18:41:19.599Z"
        }
    },
    {
        "pk": 201,
        "model": "questionnaire.questionoption",
        "fields": {
            "text": "Yes",
            "question": 116,
            "modified": "2014-01-20T18:41:34.920Z",
            "created": "2014-01-20T18:41:34.919Z"
        }
    },
    {
        "pk": 202,
        "model": "questionnaire.questionoption",
        "fields": {
            "text": "No",
            "question": 116,
            "modified": "2014-01-20T18:41:34.923Z",
            "created": "2014-01-20T18:41:34.922Z"
        }
    },
    {
        "pk": 203,
        "model": "questionnaire.questionoption",
        "fields": {
            "text": "NR",
            "question": 116,
            "modified": "2014-01-20T18:41:34.926Z",
            "created": "2014-01-20T18:41:34.925Z"
        }
    },
    {
        "pk": 204,
        "model": "questionnaire.questionoption",
        "fields": {
            "text": "Yes",
            "question": 117,
            "modified": "2014-01-20T18:41:34.955Z",
            "created": "2014-01-20T18:41:34.955Z"
        }
    },
    {
        "pk": 205,
        "model": "questionnaire.questionoption",
        "fields": {
            "text": "No",
            "question": 117,
            "modified": "2014-01-20T18:41:34.959Z",
            "created": "2014-01-20T18:41:34.959Z"
        }
    },
    {
        "pk": 206,
        "model": "questionnaire.questionoption",
        "fields": {
            "text": "NR",
            "question": 117,
            "modified": "2014-01-20T18:41:34.963Z",
            "created": "2014-01-20T18:41:34.962Z"
        }
    },
    {
        "pk": 207,
        "model": "questionnaire.questionoption",
        "fields": {
            "text": "Yes",
            "question": 118,
            "modified": "2014-01-20T18:42:31.500Z",
            "created": "2014-01-20T18:42:31.500Z"
        }
    },
    {
        "pk": 208,
        "model": "questionnaire.questionoption",
        "fields": {
            "text": "No",
            "question": 118,
            "modified": "2014-01-20T18:42:31.503Z",
            "created": "2014-01-20T18:42:31.503Z"
        }
    },
    {
        "pk": 209,
        "model": "questionnaire.questionoption",
        "fields": {
            "text": "NR",
            "question": 118,
            "modified": "2014-01-20T18:42:31.506Z",
            "created": "2014-01-20T18:42:31.506Z"
        }
    },
    {
        "pk": 210,
        "model": "questionnaire.questionoption",
        "fields": {
            "text": "Yes",
            "question": 119,
            "modified": "2014-01-20T18:42:48.859Z",
            "created": "2014-01-20T18:42:48.859Z"
        }
    },
    {
        "pk": 211,
        "model": "questionnaire.questionoption",
        "fields": {
            "text": "No",
            "question": 119,
            "modified": "2014-01-20T18:42:48.862Z",
            "created": "2014-01-20T18:42:48.862Z"
        }
    },
    {
        "pk": 212,
        "model": "questionnaire.questionoption",
        "fields": {
            "text": "Yes",
            "question": 120,
            "modified": "2014-01-20T18:42:48.869Z",
            "created": "2014-01-20T18:42:48.869Z"
        }
    },
    {
        "pk": 213,
        "model": "questionnaire.questionoption",
        "fields": {
            "text": "No",
            "question": 120,
            "modified": "2014-01-20T18:42:48.872Z",
            "created": "2014-01-20T18:42:48.872Z"
        }
    },
    {
        "pk": 214,
        "model": "questionnaire.questionoption",
        "fields": {
            "text": "Yes",
            "question": 121,
            "modified": "2014-01-20T18:42:48.879Z",
            "created": "2014-01-20T18:42:48.879Z"
        }
    },
    {
        "pk": 215,
        "model": "questionnaire.questionoption",
        "fields": {
            "text": "No",
            "question": 121,
            "modified": "2014-01-20T18:42:48.882Z",
            "created": "2014-01-20T18:42:48.882Z"
        }
    },
    {
        "pk": 216,
        "model": "questionnaire.questionoption",
        "fields": {
            "text": "Yes",
            "question": 122,
            "modified": "2014-01-20T18:42:48.900Z",
            "created": "2014-01-20T18:42:48.900Z"
        }
    },
    {
        "pk": 217,
        "model": "questionnaire.questionoption",
        "fields": {
            "text": "No",
            "question": 122,
            "modified": "2014-01-20T18:42:48.903Z",
            "created": "2014-01-20T18:42:48.903Z"
        }
    },
    {
        "pk": 218,
        "model": "questionnaire.questionoption",
        "fields": {
            "text": "Yes",
            "question": 123,
            "modified": "2014-01-20T18:43:00.628Z",
            "created": "2014-01-20T18:43:00.628Z"
        }
    },
    {
        "pk": 219,
        "model": "questionnaire.questionoption",
        "fields": {
            "text": "No",
            "question": 123,
            "modified": "2014-01-20T18:43:00.632Z",
            "created": "2014-01-20T18:43:00.631Z"
        }
    },
    {
        "pk": 220,
        "model": "questionnaire.questionoption",
        "fields": {
            "text": "Yes",
            "question": 124,
            "modified": "2014-01-21T07:38:40.999Z",
            "created": "2014-01-21T07:38:40.999Z"
        }
    },
    {
        "pk": 221,
        "model": "questionnaire.questionoption",
        "fields": {
            "text": "No",
            "question": 124,
            "modified": "2014-01-21T07:38:41.016Z",
            "created": "2014-01-21T07:38:41.016Z"
        }
    },
    {
        "pk": 222,
        "model": "questionnaire.questionoption",
        "fields": {
            "text": "Female",
            "question": 131,
            "modified": "2014-01-21T07:40:32.895Z",
            "created": "2014-01-21T07:40:32.895Z"
        }
    },
    {
        "pk": 223,
        "model": "questionnaire.questionoption",
        "fields": {
            "text": "Male",
            "question": 131,
            "modified": "2014-01-21T07:40:32.899Z",
            "created": "2014-01-21T07:40:32.899Z"
        }
    },
    {
        "pk": 224,
        "model": "questionnaire.questionoption",
        "fields": {
            "text": "Both",
            "question": 131,
            "modified": "2014-01-21T07:40:32.902Z",
            "created": "2014-01-21T07:40:32.902Z"
        }
    },
    {
        "pk": 225,
        "model": "questionnaire.questionoption",
        "fields": {
            "text": "Subnational",
            "question": 132,
            "modified": "2014-01-21T07:40:40.368Z",
            "created": "2014-01-21T07:40:40.368Z"
        }
    },
    {
        "pk": 226,
        "model": "questionnaire.questionoption",
        "fields": {
            "text": "National",
            "question": 132,
            "modified": "2014-01-21T07:40:40.374Z",
            "created": "2014-01-21T07:40:40.374Z"
        }
    },
    {
        "pk": 227,
        "model": "questionnaire.questionoption",
        "fields": {
            "text": "Yes",
            "question": 136,
            "modified": "2014-01-21T07:40:47.887Z",
            "created": "2014-01-21T07:40:47.887Z"
        }
    },
    {
        "pk": 228,
        "model": "questionnaire.questionoption",
        "fields": {
            "text": "No",
            "question": 136,
            "modified": "2014-01-21T07:40:47.890Z",
            "created": "2014-01-21T07:40:47.890Z"
        }
    },
    {
        "pk": 111,
        "model": "questionnaire.questiongrouporder",
        "fields": {
            "order": 1,
            "question": 112,
            "modified": "2014-01-20T18:41:54.713Z",
            "question_group": 51,
            "created": "2014-01-20T18:41:54.713Z"
        }
    },
    {
        "pk": 112,
        "model": "questionnaire.questiongrouporder",
        "fields": {
            "order": 2,
            "question": 113,
            "modified": "2014-01-20T18:42:05.336Z",
            "question_group": 51,
            "created": "2014-01-20T18:42:05.336Z"
        }
    },
    {
        "pk": 113,
        "model": "questionnaire.questiongrouporder",
        "fields": {
            "order": 3,
            "question": 114,
            "modified": "2014-01-20T18:42:05.341Z",
            "question_group": 51,
            "created": "2014-01-20T18:42:05.341Z"
        }
    },
    {
        "pk": 114,
        "model": "questionnaire.questiongrouporder",
        "fields": {
            "order": 4,
            "question": 115,
            "modified": "2014-01-20T18:42:05.345Z",
            "question_group": 51,
            "created": "2014-01-20T18:42:05.345Z"
        }
    },
    {
        "pk": 115,
        "model": "questionnaire.questiongrouporder",
        "fields": {
            "order": 1,
            "question": 116,
            "modified": "2014-01-20T18:42:12.952Z",
            "question_group": 53,
            "created": "2014-01-20T18:42:12.952Z"
        }
    },
    {
        "pk": 116,
        "model": "questionnaire.questiongrouporder",
        "fields": {
            "order": 1,
            "question": 117,
            "modified": "2014-01-20T18:42:12.957Z",
            "question_group": 54,
            "created": "2014-01-20T18:42:12.956Z"
        }
    },
    {
        "pk": 117,
        "model": "questionnaire.questiongrouporder",
        "fields": {
            "order": 1,
            "question": 118,
            "modified": "2014-01-20T18:42:41.679Z",
            "question_group": 55,
            "created": "2014-01-20T18:42:41.678Z"
        }
    },
    {
        "pk": 118,
        "model": "questionnaire.questiongrouporder",
        "fields": {
            "order": 1,
            "question": 119,
            "modified": "2014-01-20T18:43:00.606Z",
            "question_group": 56,
            "created": "2014-01-20T18:43:00.606Z"
        }
    },
    {
        "pk": 119,
        "model": "questionnaire.questiongrouporder",
        "fields": {
            "order": 2,
            "question": 120,
            "modified": "2014-01-20T18:43:00.613Z",
            "question_group": 56,
            "created": "2014-01-20T18:43:00.613Z"
        }
    },
    {
        "pk": 120,
        "model": "questionnaire.questiongrouporder",
        "fields": {
            "order": 3,
            "question": 121,
            "modified": "2014-01-20T18:43:00.616Z",
            "question_group": 56,
            "created": "2014-01-20T18:43:00.616Z"
        }
    },
    {
        "pk": 121,
        "model": "questionnaire.questiongrouporder",
        "fields": {
            "order": 4,
            "question": 122,
            "modified": "2014-01-20T18:43:00.620Z",
            "question_group": 56,
            "created": "2014-01-20T18:43:00.620Z"
        }
    },
    {
        "pk": 122,
        "model": "questionnaire.questiongrouporder",
        "fields": {
            "order": 1,
            "question": 123,
            "modified": "2014-01-20T18:43:00.651Z",
            "question_group": 58,
            "created": "2014-01-20T18:43:00.651Z"
        }
    },
    {
        "pk": 123,
        "model": "questionnaire.questiongrouporder",
        "fields": {
            "order": 1,
            "question": 124,
            "modified": "2014-01-21T07:40:02.133Z",
            "question_group": 59,
            "created": "2014-01-21T07:40:02.133Z"
        }
    },
    {
        "pk": 124,
        "model": "questionnaire.questiongrouporder",
        "fields": {
            "order": 1,
            "question": 128,
            "modified": "2014-01-21T07:40:57.313Z",
            "question_group": 60,
            "created": "2014-01-21T07:40:57.312Z"
        }
    },
    {
        "pk": 125,
        "model": "questionnaire.questiongrouporder",
        "fields": {
            "order": 2,
            "question": 129,
            "modified": "2014-01-21T07:40:57.317Z",
            "question_group": 60,
            "created": "2014-01-21T07:40:57.316Z"
        }
    },
    {
        "pk": 126,
        "model": "questionnaire.questiongrouporder",
        "fields": {
            "order": 3,
            "question": 130,
            "modified": "2014-01-21T07:40:57.320Z",
            "question_group": 60,
            "created": "2014-01-21T07:40:57.320Z"
        }
    },
    {
        "pk": 127,
        "model": "questionnaire.questiongrouporder",
        "fields": {
            "order": 4,
            "question": 131,
            "modified": "2014-01-21T07:40:57.333Z",
            "question_group": 60,
            "created": "2014-01-21T07:40:57.332Z"
        }
    },
    {
        "pk": 128,
        "model": "questionnaire.questiongrouporder",
        "fields": {
            "order": 5,
            "question": 132,
            "modified": "2014-01-21T07:40:57.337Z",
            "question_group": 60,
            "created": "2014-01-21T07:40:57.336Z"
        }
    },
    {
        "pk": 129,
        "model": "questionnaire.questiongrouporder",
        "fields": {
            "order": 6,
            "question": 133,
            "modified": "2014-01-21T07:40:57.341Z",
            "question_group": 60,
            "created": "2014-01-21T07:40:57.341Z"
        }
    },
    {
        "pk": 130,
        "model": "questionnaire.questiongrouporder",
        "fields": {
            "order": 7,
            "question": 134,
            "modified": "2014-01-21T07:40:57.345Z",
            "question_group": 60,
            "created": "2014-01-21T07:40:57.345Z"
        }
    },
    {
        "pk": 131,
        "model": "questionnaire.questiongrouporder",
        "fields": {
            "order": 8,
            "question": 135,
            "modified": "2014-01-21T07:40:57.348Z",
            "question_group": 60,
            "created": "2014-01-21T07:40:57.348Z"
        }
    },
    {
        "pk": 132,
        "model": "questionnaire.questiongrouporder",
        "fields": {
            "order": 9,
            "question": 136,
            "modified": "2014-01-21T07:40:57.352Z",
            "question_group": 60,
            "created": "2014-01-21T07:40:57.352Z"
        }
    }
]

